#
# A fatal error has been detected by the Java Runtime Environment:
#
#  SIGSEGV (0xb) at pc=0x00007bc031a7dbb0, pid=20068, tid=20069
#
# JRE version: OpenJDK Runtime Environment Zulu25.28+85-CA (25.0+36) (build 25+36-LTS)
# Java VM: OpenJDK 64-Bit Server VM Zulu25.28+85-CA (25+36-LTS, mixed mode, sharing, tiered, compressed oops, compressed class ptrs, g1 gc, linux-amd64)
# Problematic frame:
# C  [libu8g2.so+0x7dbb0]  u8g2_SetupBuffer+0x50
#
# Core dump will be written. Default location: Core dumps may be processed with "/usr/share/apport/apport -p%p -s%s -c%c -d%d -P%P -u%u -g%g -F%F -- %E" (or dumping to /home/servadmin/NetBeansProjects/javauio2/u8g22/core.20068)
#
# If you would like to submit a bug report, please visit:
#   http://www.azul.com/support/
# The crash happened outside the Java Virtual Machine in native code.
# See problematic frame for where to report the bug.
#

---------------  S U M M A R Y ------------

Command Line: --enable-native-access=ALL-UNNAMED /home/servadmin/NetBeansProjects/javauio2/u8g22/target/surefire/surefirebooter-20260211140528051_3.jar /home/servadmin/NetBeansProjects/javauio2/u8g22/target/surefire 2026-02-11T14-05-27_954-jvmRun1 surefire-20260211140528051_1tmp surefire_0-20260211140528051_2tmp

Host: Intel(R) Core(TM) i5-10400 CPU @ 2.90GHz, 4 cores, 8G, Ubuntu 24.04.3 LTS
Time: Wed Feb 11 14:05:28 2026 EST elapsed time: 0.709328 seconds (0d 0h 0m 0s)

---------------  T H R E A D  ---------------

Current thread (0x00007bc05c02b2d0):  JavaThread "main"             [_thread_in_native, id=20069, stack(0x00007bc061417000,0x00007bc061517000) (1024K)]

Stack: [0x00007bc061417000,0x00007bc061517000],  sp=0x00007bc061512c20,  free space=1007k
Native frames: (J=compiled Java code, j=interpreted, Vv=VM code, C=native code)
C  [libu8g2.so+0x7dbb0]  u8g2_SetupBuffer+0x50
j  java.lang.invoke.LambdaForm$MH+0x0000000097112000.invoke(Ljava/lang/Object;JJJJJ)V+16 java.base@25
j  java.lang.invoke.LambdaForm$MH+0x0000000097115c00.invokeExact_MT(Ljava/lang/Object;JJJJJLjava/lang/Object;)V+27 java.base@25
j  jdk.internal.foreign.abi.DowncallStub+0x0000000097112c00.invoke(Ljava/lang/foreign/SegmentAllocator;Ljava/lang/foreign/MemorySegment;Ljava/lang/foreign/MemorySegment;Ljava/lang/foreign/MemorySegment;Ljava/lang/foreign/MemorySegment;Ljava/lang/foreign/MemorySegment;)V+209 java.base@25
j  java.lang.invoke.LambdaForm$DMH+0x0000000097113400.invokeStaticInit(Ljava/lang/Object;Ljava/lang/Object;Ljava/lang/Object;Ljava/lang/Object;Ljava/lang/Object;Ljava/lang/Object;Ljava/lang/Object;)V+20 java.base@25
j  java.lang.invoke.LambdaForm$MH+0x0000000097114c00.invoke(Ljava/lang/Object;Ljava/lang/Object;Ljava/lang/Object;Ljava/lang/Object;Ljava/lang/Object;)V+53 java.base@25
j  java.lang.invoke.LambdaForm$MH+0x0000000097115000.invokeExact_MT(Ljava/lang/Object;Ljava/lang/Object;Ljava/lang/Object;Ljava/lang/Object;Ljava/lang/Object;Ljava/lang/Object;)V+24 java.base@25
j  org.u8g2.U8g2_4.u8g2_Setup_null(Ljava/lang/foreign/MemorySegment;Ljava/lang/foreign/MemorySegment;Ljava/lang/foreign/MemorySegment;Ljava/lang/foreign/MemorySegment;)V+43
j  com.codeferm.u8g2.U8g2LinkTest.testFFMInitialization()V+25
j  java.lang.invoke.LambdaForm$DMH+0x00000000970bcc00.invokeVirtual(Ljava/lang/Object;Ljava/lang/Object;)V+10 java.base@25
j  java.lang.invoke.LambdaForm$MH+0x0000000097100400.invoke(Ljava/lang/Object;Ljava/lang/Object;)Ljava/lang/Object;+31 java.base@25
j  java.lang.invoke.Invokers$Holder.invokeExact_MT(Ljava/lang/Object;Ljava/lang/Object;Ljava/lang/Object;)Ljava/lang/Object;+19 java.base@25
j  jdk.internal.reflect.DirectMethodHandleAccessor.invokeImpl(Ljava/lang/Object;[Ljava/lang/Object;)Ljava/lang/Object;+41 java.base@25
j  jdk.internal.reflect.DirectMethodHandleAccessor.invoke(Ljava/lang/Object;[Ljava/lang/Object;)Ljava/lang/Object;+23 java.base@25
j  java.lang.reflect.Method.invoke(Ljava/lang/Object;[Ljava/lang/Object;)Ljava/lang/Object;+102 java.base@25
j  org.junit.platform.commons.util.ReflectionUtils.invokeMethod(Ljava/lang/reflect/Method;Ljava/lang/Object;[Ljava/lang/Object;)Ljava/lang/Object;+42
j  org.junit.jupiter.engine.execution.MethodInvocation.proceed()Ljava/lang/Object;+16
j  org.junit.jupiter.engine.execution.InvocationInterceptorChain$ValidatingInvocation.proceed()Ljava/lang/Object;+8
j  org.junit.jupiter.engine.extension.TimeoutExtension.intercept(Lorg/junit/jupiter/api/extension/InvocationInterceptor$Invocation;Lorg/junit/jupiter/api/extension/ReflectiveInvocationContext;Lorg/junit/jupiter/api/extension/ExtensionContext;Lorg/junit/jupiter/engine/extension/TimeoutDuration;Lorg/junit/jupiter/engine/extension/TimeoutExtension$TimeoutProvider;)Ljava/lang/Object;+28
j  org.junit.jupiter.engine.extension.TimeoutExtension.interceptTestableMethod(Lorg/junit/jupiter/api/extension/InvocationInterceptor$Invocation;Lorg/junit/jupiter/api/extension/ReflectiveInvocationContext;Lorg/junit/jupiter/api/extension/ExtensionContext;Lorg/junit/jupiter/engine/extension/TimeoutExtension$TimeoutProvider;)Ljava/lang/Object;+31
j  org.junit.jupiter.engine.extension.TimeoutExtension.interceptTestMethod(Lorg/junit/jupiter/api/extension/InvocationInterceptor$Invocation;Lorg/junit/jupiter/api/extension/ReflectiveInvocationContext;Lorg/junit/jupiter/api/extension/ExtensionContext;)V+9
j  org.junit.jupiter.engine.descriptor.TestMethodTestDescriptor$$Lambda+0x000000009707a480.apply(Lorg/junit/jupiter/api/extension/InvocationInterceptor;Lorg/junit/jupiter/api/extension/InvocationInterceptor$Invocation;Lorg/junit/jupiter/api/extension/ReflectiveInvocationContext;Lorg/junit/jupiter/api/extension/ExtensionContext;)V+5
j  org.junit.jupiter.engine.execution.InterceptingExecutableInvoker$ReflectiveInterceptorCall.lambda$ofVoidMethod$0(Lorg/junit/jupiter/engine/execution/InterceptingExecutableInvoker$ReflectiveInterceptorCall$VoidMethodInterceptorCall;Lorg/junit/jupiter/api/extension/InvocationInterceptor;Lorg/junit/jupiter/api/extension/InvocationInterceptor$Invocation;Lorg/junit/jupiter/api/extension/ReflectiveInvocationContext;Lorg/junit/jupiter/api/extension/ExtensionContext;)Ljava/lang/Void;+6
j  org.junit.jupiter.engine.execution.InterceptingExecutableInvoker$ReflectiveInterceptorCall$$Lambda+0x000000009707a6a8.apply(Lorg/junit/jupiter/api/extension/InvocationInterceptor;Lorg/junit/jupiter/api/extension/InvocationInterceptor$Invocation;Lorg/junit/jupiter/api/extension/ReflectiveInvocationContext;Lorg/junit/jupiter/api/extension/ExtensionContext;)Ljava/lang/Object;+9
j  org.junit.jupiter.engine.execution.InterceptingExecutableInvoker.lambda$invoke$0(Lorg/junit/jupiter/engine/execution/InterceptingExecutableInvoker$ReflectiveInterceptorCall;Lorg/junit/jupiter/api/extension/ReflectiveInvocationContext;Lorg/junit/jupiter/api/extension/ExtensionContext;Lorg/junit/jupiter/api/extension/InvocationInterceptor;Lorg/junit/jupiter/api/extension/InvocationInterceptor$Invocation;)Ljava/lang/Object;+6
j  org.junit.jupiter.engine.execution.InterceptingExecutableInvoker$$Lambda+0x00000000970a7790.apply(Lorg/junit/jupiter/api/extension/InvocationInterceptor;Lorg/junit/jupiter/api/extension/InvocationInterceptor$Invocation;)Ljava/lang/Object;+14
j  org.junit.jupiter.engine.execution.InvocationInterceptorChain$InterceptedInvocation.proceed()Ljava/lang/Object;+12
j  org.junit.jupiter.engine.execution.InvocationInterceptorChain.proceed(Lorg/junit/jupiter/api/extension/InvocationInterceptor$Invocation;)Ljava/lang/Object;+1
j  org.junit.jupiter.engine.execution.InvocationInterceptorChain.chainAndInvoke(Lorg/junit/jupiter/api/extension/InvocationInterceptor$Invocation;Lorg/junit/jupiter/engine/execution/InvocationInterceptorChain$InterceptorCall;Ljava/util/List;)Ljava/lang/Object;+24
j  org.junit.jupiter.engine.execution.InvocationInterceptorChain.invoke(Lorg/junit/jupiter/api/extension/InvocationInterceptor$Invocation;Lorg/junit/jupiter/engine/extension/ExtensionRegistry;Lorg/junit/jupiter/engine/execution/InvocationInterceptorChain$InterceptorCall;)Ljava/lang/Object;+31
j  org.junit.jupiter.engine.execution.InterceptingExecutableInvoker.invoke(Lorg/junit/jupiter/api/extension/InvocationInterceptor$Invocation;Lorg/junit/jupiter/api/extension/ReflectiveInvocationContext;Lorg/junit/jupiter/api/extension/ExtensionContext;Lorg/junit/jupiter/engine/extension/ExtensionRegistry;Lorg/junit/jupiter/engine/execution/InterceptingExecutableInvoker$ReflectiveInterceptorCall;)Ljava/lang/Object;+15
j  org.junit.jupiter.engine.execution.InterceptingExecutableInvoker.invoke(Ljava/lang/reflect/Method;Ljava/lang/Object;Lorg/junit/jupiter/api/extension/ExtensionContext;Lorg/junit/jupiter/engine/extension/ExtensionRegistry;Lorg/junit/jupiter/engine/execution/InterceptingExecutableInvoker$ReflectiveInterceptorCall;)Ljava/lang/Object;+55
j  org.junit.jupiter.engine.descriptor.TestMethodTestDescriptor.lambda$invokeTestMethod$8(Lorg/junit/jupiter/api/extension/ExtensionContext;Lorg/junit/jupiter/engine/execution/JupiterEngineExecutionContext;)V+28
j  org.junit.jupiter.engine.descriptor.TestMethodTestDescriptor$$Lambda+0x00000000970bd228.execute()V+12
j  org.junit.platform.engine.support.hierarchical.ThrowableCollector.execute(Lorg/junit/platform/engine/support/hierarchical/ThrowableCollector$Executable;)V+1
j  org.junit.jupiter.engine.descriptor.TestMethodTestDescriptor.invokeTestMethod(Lorg/junit/jupiter/engine/execution/JupiterEngineExecutionContext;Lorg/junit/platform/engine/support/hierarchical/Node$DynamicTestExecutor;)V+21
j  org.junit.jupiter.engine.descriptor.TestMethodTestDescriptor.execute(Lorg/junit/jupiter/engine/execution/JupiterEngineExecutionContext;Lorg/junit/platform/engine/support/hierarchical/Node$DynamicTestExecutor;)Lorg/junit/jupiter/engine/execution/JupiterEngineExecutionContext;+44
j  org.junit.jupiter.engine.descriptor.TestMethodTestDescriptor.execute(Lorg/junit/platform/engine/support/hierarchical/EngineExecutionContext;Lorg/junit/platform/engine/support/hierarchical/Node$DynamicTestExecutor;)Lorg/junit/platform/engine/support/hierarchical/EngineExecutionContext;+6
j  org.junit.platform.engine.support.hierarchical.NodeTestTask.lambda$executeRecursively$6()V+79
j  org.junit.platform.engine.support.hierarchical.NodeTestTask$$Lambda+0x00000000970991f0.execute()V+4
j  org.junit.platform.engine.support.hierarchical.ThrowableCollector.execute(Lorg/junit/platform/engine/support/hierarchical/ThrowableCollector$Executable;)V+1
j  org.junit.platform.engine.support.hierarchical.NodeTestTask.lambda$executeRecursively$8(Lorg/junit/platform/engine/support/hierarchical/EngineExecutionContext;)V+15
j  org.junit.platform.engine.support.hierarchical.NodeTestTask$$Lambda+0x0000000097098fc0.invoke(Lorg/junit/platform/engine/support/hierarchical/EngineExecutionContext;)V+5
j  org.junit.platform.engine.support.hierarchical.Node.around(Lorg/junit/platform/engine/support/hierarchical/EngineExecutionContext;Lorg/junit/platform/engine/support/hierarchical/Node$Invocation;)V+2
j  org.junit.platform.engine.support.hierarchical.NodeTestTask.lambda$executeRecursively$9()V+14
j  org.junit.platform.engine.support.hierarchical.NodeTestTask$$Lambda+0x0000000097098d90.execute()V+4
j  org.junit.platform.engine.support.hierarchical.ThrowableCollector.execute(Lorg/junit/platform/engine/support/hierarchical/ThrowableCollector$Executable;)V+1
j  org.junit.platform.engine.support.hierarchical.NodeTestTask.executeRecursively()V+31
j  org.junit.platform.engine.support.hierarchical.NodeTestTask.execute()V+55
j  org.junit.platform.engine.support.hierarchical.SameThreadHierarchicalTestExecutorService$$Lambda+0x0000000097099d30.accept(Ljava/lang/Object;)V+4
j  java.util.ArrayList.forEach(Ljava/util/function/Consumer;)V+46 java.base@25
j  org.junit.platform.engine.support.hierarchical.SameThreadHierarchicalTestExecutorService.invokeAll(Ljava/util/List;)V+6
j  org.junit.platform.engine.support.hierarchical.NodeTestTask.lambda$executeRecursively$6()V+116
j  org.junit.platform.engine.support.hierarchical.NodeTestTask$$Lambda+0x00000000970991f0.execute()V+4
j  org.junit.platform.engine.support.hierarchical.ThrowableCollector.execute(Lorg/junit/platform/engine/support/hierarchical/ThrowableCollector$Executable;)V+1
j  org.junit.platform.engine.support.hierarchical.NodeTestTask.lambda$executeRecursively$8(Lorg/junit/platform/engine/support/hierarchical/EngineExecutionContext;)V+15
j  org.junit.platform.engine.support.hierarchical.NodeTestTask$$Lambda+0x0000000097098fc0.invoke(Lorg/junit/platform/engine/support/hierarchical/EngineExecutionContext;)V+5
j  org.junit.platform.engine.support.hierarchical.Node.around(Lorg/junit/platform/engine/support/hierarchical/EngineExecutionContext;Lorg/junit/platform/engine/support/hierarchical/Node$Invocation;)V+2
j  org.junit.platform.engine.support.hierarchical.NodeTestTask.lambda$executeRecursively$9()V+14
j  org.junit.platform.engine.support.hierarchical.NodeTestTask$$Lambda+0x0000000097098d90.execute()V+4
j  org.junit.platform.engine.support.hierarchical.ThrowableCollector.execute(Lorg/junit/platform/engine/support/hierarchical/ThrowableCollector$Executable;)V+1
j  org.junit.platform.engine.support.hierarchical.NodeTestTask.executeRecursively()V+31
j  org.junit.platform.engine.support.hierarchical.NodeTestTask.execute()V+55
j  org.junit.platform.engine.support.hierarchical.SameThreadHierarchicalTestExecutorService$$Lambda+0x0000000097099d30.accept(Ljava/lang/Object;)V+4
j  java.util.ArrayList.forEach(Ljava/util/function/Consumer;)V+46 java.base@25
j  org.junit.platform.engine.support.hierarchical.SameThreadHierarchicalTestExecutorService.invokeAll(Ljava/util/List;)V+6
j  org.junit.platform.engine.support.hierarchical.NodeTestTask.lambda$executeRecursively$6()V+116
j  org.junit.platform.engine.support.hierarchical.NodeTestTask$$Lambda+0x00000000970991f0.execute()V+4
j  org.junit.platform.engine.support.hierarchical.ThrowableCollector.execute(Lorg/junit/platform/engine/support/hierarchical/ThrowableCollector$Executable;)V+1
j  org.junit.platform.engine.support.hierarchical.NodeTestTask.lambda$executeRecursively$8(Lorg/junit/platform/engine/support/hierarchical/EngineExecutionContext;)V+15
j  org.junit.platform.engine.support.hierarchical.NodeTestTask$$Lambda+0x0000000097098fc0.invoke(Lorg/junit/platform/engine/support/hierarchical/EngineExecutionContext;)V+5
j  org.junit.platform.engine.support.hierarchical.Node.around(Lorg/junit/platform/engine/support/hierarchical/EngineExecutionContext;Lorg/junit/platform/engine/support/hierarchical/Node$Invocation;)V+2
j  org.junit.platform.engine.support.hierarchical.NodeTestTask.lambda$executeRecursively$9()V+14
j  org.junit.platform.engine.support.hierarchical.NodeTestTask$$Lambda+0x0000000097098d90.execute()V+4
j  org.junit.platform.engine.support.hierarchical.ThrowableCollector.execute(Lorg/junit/platform/engine/support/hierarchical/ThrowableCollector$Executable;)V+1
j  org.junit.platform.engine.support.hierarchical.NodeTestTask.executeRecursively()V+31
j  org.junit.platform.engine.support.hierarchical.NodeTestTask.execute()V+55
j  org.junit.platform.engine.support.hierarchical.SameThreadHierarchicalTestExecutorService.submit(Lorg/junit/platform/engine/support/hierarchical/HierarchicalTestExecutorService$TestTask;)Ljava/util/concurrent/Future;+1
j  org.junit.platform.engine.support.hierarchical.HierarchicalTestExecutor.execute()Ljava/util/concurrent/Future;+74
j  org.junit.platform.engine.support.hierarchical.HierarchicalTestEngine.execute(Lorg/junit/platform/engine/ExecutionRequest;)V+31
j  org.junit.platform.launcher.core.EngineExecutionOrchestrator.execute(Lorg/junit/platform/engine/TestDescriptor;Lorg/junit/platform/engine/EngineExecutionListener;Lorg/junit/platform/engine/ConfigurationParameters;Lorg/junit/platform/engine/TestEngine;)V+24
j  org.junit.platform.launcher.core.EngineExecutionOrchestrator.execute(Lorg/junit/platform/launcher/core/LauncherDiscoveryResult;Lorg/junit/platform/engine/EngineExecutionListener;)V+115
j  org.junit.platform.launcher.core.EngineExecutionOrchestrator.execute(Lorg/junit/platform/launcher/core/InternalTestPlan;Lorg/junit/platform/engine/EngineExecutionListener;Lorg/junit/platform/launcher/TestExecutionListener;)V+55
j  org.junit.platform.launcher.core.EngineExecutionOrchestrator.lambda$execute$0(Lorg/junit/platform/launcher/core/InternalTestPlan;Lorg/junit/platform/launcher/TestExecutionListener;)V+6
j  org.junit.platform.launcher.core.EngineExecutionOrchestrator$$Lambda+0x0000000097088bc8.accept(Ljava/lang/Object;)V+12
j  org.junit.platform.launcher.core.EngineExecutionOrchestrator.withInterceptedStreams(Lorg/junit/platform/engine/ConfigurationParameters;Lorg/junit/platform/launcher/core/ListenerRegistry;Ljava/util/function/Consumer;)V+51
j  org.junit.platform.launcher.core.EngineExecutionOrchestrator.execute(Lorg/junit/platform/launcher/core/InternalTestPlan;[Lorg/junit/platform/launcher/TestExecutionListener;)V+23
j  org.junit.platform.launcher.core.DefaultLauncher.execute(Lorg/junit/platform/launcher/core/InternalTestPlan;[Lorg/junit/platform/launcher/TestExecutionListener;)V+6
j  org.junit.platform.launcher.core.DefaultLauncher.execute(Lorg/junit/platform/launcher/LauncherDiscoveryRequest;[Lorg/junit/platform/launcher/TestExecutionListener;)V+34
j  org.junit.platform.launcher.core.DelegatingLauncher.execute(Lorg/junit/platform/launcher/LauncherDiscoveryRequest;[Lorg/junit/platform/launcher/TestExecutionListener;)V+6
j  org.apache.maven.surefire.junitplatform.LazyLauncher.execute(Lorg/junit/platform/launcher/LauncherDiscoveryRequest;[Lorg/junit/platform/launcher/TestExecutionListener;)V+6
j  org.apache.maven.surefire.junitplatform.JUnitPlatformProvider.execute(Lorg/apache/maven/surefire/api/util/TestsToRun;Lorg/apache/maven/surefire/junitplatform/RunListenerAdapter;)V+70
j  org.apache.maven.surefire.junitplatform.JUnitPlatformProvider.invokeAllTests(Lorg/apache/maven/surefire/api/util/TestsToRun;Lorg/apache/maven/surefire/junitplatform/RunListenerAdapter;)V+3
j  org.apache.maven.surefire.junitplatform.JUnitPlatformProvider.invoke(Ljava/lang/Object;)Lorg/apache/maven/surefire/api/suite/RunResult;+95
j  org.apache.maven.surefire.booter.ForkedBooter.runSuitesInProcess()V+8
j  org.apache.maven.surefire.booter.ForkedBooter.execute()V+1
j  org.apache.maven.surefire.booter.ForkedBooter.run(Lorg/apache/maven/surefire/booter/ForkedBooter;[Ljava/lang/String;)V+27
j  org.apache.maven.surefire.booter.ForkedBooter.main([Ljava/lang/String;)V+10
v  ~StubRoutines::call_stub 0x00007bc04b937fa6
V  [libjvm.so+0x9f04a0]  JavaCalls::call_helper(JavaValue*, methodHandle const&, JavaCallArguments*, JavaThread*)+0x2b0
...<more frames>...
Java frames: (J=compiled Java code, j=interpreted, Vv=VM code)
v  ~RuntimeStub::nep_invoker_blob 0x00007bc04ba79564
j  java.lang.invoke.LambdaForm$MH+0x0000000097112000.invoke(Ljava/lang/Object;JJJJJ)V+16 java.base@25
j  java.lang.invoke.LambdaForm$MH+0x0000000097115c00.invokeExact_MT(Ljava/lang/Object;JJJJJLjava/lang/Object;)V+27 java.base@25
j  jdk.internal.foreign.abi.DowncallStub+0x0000000097112c00.invoke(Ljava/lang/foreign/SegmentAllocator;Ljava/lang/foreign/MemorySegment;Ljava/lang/foreign/MemorySegment;Ljava/lang/foreign/MemorySegment;Ljava/lang/foreign/MemorySegment;Ljava/lang/foreign/MemorySegment;)V+209 java.base@25
j  java.lang.invoke.LambdaForm$DMH+0x0000000097113400.invokeStaticInit(Ljava/lang/Object;Ljava/lang/Object;Ljava/lang/Object;Ljava/lang/Object;Ljava/lang/Object;Ljava/lang/Object;Ljava/lang/Object;)V+20 java.base@25
j  java.lang.invoke.LambdaForm$MH+0x0000000097114c00.invoke(Ljava/lang/Object;Ljava/lang/Object;Ljava/lang/Object;Ljava/lang/Object;Ljava/lang/Object;)V+53 java.base@25
j  java.lang.invoke.LambdaForm$MH+0x0000000097115000.invokeExact_MT(Ljava/lang/Object;Ljava/lang/Object;Ljava/lang/Object;Ljava/lang/Object;Ljava/lang/Object;Ljava/lang/Object;)V+24 java.base@25
j  org.u8g2.U8g2_4.u8g2_Setup_null(Ljava/lang/foreign/MemorySegment;Ljava/lang/foreign/MemorySegment;Ljava/lang/foreign/MemorySegment;Ljava/lang/foreign/MemorySegment;)V+43
j  com.codeferm.u8g2.U8g2LinkTest.testFFMInitialization()V+25
j  java.lang.invoke.LambdaForm$DMH+0x00000000970bcc00.invokeVirtual(Ljava/lang/Object;Ljava/lang/Object;)V+10 java.base@25
j  java.lang.invoke.LambdaForm$MH+0x0000000097100400.invoke(Ljava/lang/Object;Ljava/lang/Object;)Ljava/lang/Object;+31 java.base@25
j  java.lang.invoke.Invokers$Holder.invokeExact_MT(Ljava/lang/Object;Ljava/lang/Object;Ljava/lang/Object;)Ljava/lang/Object;+19 java.base@25
j  jdk.internal.reflect.DirectMethodHandleAccessor.invokeImpl(Ljava/lang/Object;[Ljava/lang/Object;)Ljava/lang/Object;+41 java.base@25
j  jdk.internal.reflect.DirectMethodHandleAccessor.invoke(Ljava/lang/Object;[Ljava/lang/Object;)Ljava/lang/Object;+23 java.base@25
j  java.lang.reflect.Method.invoke(Ljava/lang/Object;[Ljava/lang/Object;)Ljava/lang/Object;+102 java.base@25
j  org.junit.platform.commons.util.ReflectionUtils.invokeMethod(Ljava/lang/reflect/Method;Ljava/lang/Object;[Ljava/lang/Object;)Ljava/lang/Object;+42
j  org.junit.jupiter.engine.execution.MethodInvocation.proceed()Ljava/lang/Object;+16
j  org.junit.jupiter.engine.execution.InvocationInterceptorChain$ValidatingInvocation.proceed()Ljava/lang/Object;+8
j  org.junit.jupiter.engine.extension.TimeoutExtension.intercept(Lorg/junit/jupiter/api/extension/InvocationInterceptor$Invocation;Lorg/junit/jupiter/api/extension/ReflectiveInvocationContext;Lorg/junit/jupiter/api/extension/ExtensionContext;Lorg/junit/jupiter/engine/extension/TimeoutDuration;Lorg/junit/jupiter/engine/extension/TimeoutExtension$TimeoutProvider;)Ljava/lang/Object;+28
j  org.junit.jupiter.engine.extension.TimeoutExtension.interceptTestableMethod(Lorg/junit/jupiter/api/extension/InvocationInterceptor$Invocation;Lorg/junit/jupiter/api/extension/ReflectiveInvocationContext;Lorg/junit/jupiter/api/extension/ExtensionContext;Lorg/junit/jupiter/engine/extension/TimeoutExtension$TimeoutProvider;)Ljava/lang/Object;+31
j  org.junit.jupiter.engine.extension.TimeoutExtension.interceptTestMethod(Lorg/junit/jupiter/api/extension/InvocationInterceptor$Invocation;Lorg/junit/jupiter/api/extension/ReflectiveInvocationContext;Lorg/junit/jupiter/api/extension/ExtensionContext;)V+9
j  org.junit.jupiter.engine.descriptor.TestMethodTestDescriptor$$Lambda+0x000000009707a480.apply(Lorg/junit/jupiter/api/extension/InvocationInterceptor;Lorg/junit/jupiter/api/extension/InvocationInterceptor$Invocation;Lorg/junit/jupiter/api/extension/ReflectiveInvocationContext;Lorg/junit/jupiter/api/extension/ExtensionContext;)V+5
j  org.junit.jupiter.engine.execution.InterceptingExecutableInvoker$ReflectiveInterceptorCall.lambda$ofVoidMethod$0(Lorg/junit/jupiter/engine/execution/InterceptingExecutableInvoker$ReflectiveInterceptorCall$VoidMethodInterceptorCall;Lorg/junit/jupiter/api/extension/InvocationInterceptor;Lorg/junit/jupiter/api/extension/InvocationInterceptor$Invocation;Lorg/junit/jupiter/api/extension/ReflectiveInvocationContext;Lorg/junit/jupiter/api/extension/ExtensionContext;)Ljava/lang/Void;+6
j  org.junit.jupiter.engine.execution.InterceptingExecutableInvoker$ReflectiveInterceptorCall$$Lambda+0x000000009707a6a8.apply(Lorg/junit/jupiter/api/extension/InvocationInterceptor;Lorg/junit/jupiter/api/extension/InvocationInterceptor$Invocation;Lorg/junit/jupiter/api/extension/ReflectiveInvocationContext;Lorg/junit/jupiter/api/extension/ExtensionContext;)Ljava/lang/Object;+9
j  org.junit.jupiter.engine.execution.InterceptingExecutableInvoker.lambda$invoke$0(Lorg/junit/jupiter/engine/execution/InterceptingExecutableInvoker$ReflectiveInterceptorCall;Lorg/junit/jupiter/api/extension/ReflectiveInvocationContext;Lorg/junit/jupiter/api/extension/ExtensionContext;Lorg/junit/jupiter/api/extension/InvocationInterceptor;Lorg/junit/jupiter/api/extension/InvocationInterceptor$Invocation;)Ljava/lang/Object;+6
j  org.junit.jupiter.engine.execution.InterceptingExecutableInvoker$$Lambda+0x00000000970a7790.apply(Lorg/junit/jupiter/api/extension/InvocationInterceptor;Lorg/junit/jupiter/api/extension/InvocationInterceptor$Invocation;)Ljava/lang/Object;+14
j  org.junit.jupiter.engine.execution.InvocationInterceptorChain$InterceptedInvocation.proceed()Ljava/lang/Object;+12
j  org.junit.jupiter.engine.execution.InvocationInterceptorChain.proceed(Lorg/junit/jupiter/api/extension/InvocationInterceptor$Invocation;)Ljava/lang/Object;+1
j  org.junit.jupiter.engine.execution.InvocationInterceptorChain.chainAndInvoke(Lorg/junit/jupiter/api/extension/InvocationInterceptor$Invocation;Lorg/junit/jupiter/engine/execution/InvocationInterceptorChain$InterceptorCall;Ljava/util/List;)Ljava/lang/Object;+24
j  org.junit.jupiter.engine.execution.InvocationInterceptorChain.invoke(Lorg/junit/jupiter/api/extension/InvocationInterceptor$Invocation;Lorg/junit/jupiter/engine/extension/ExtensionRegistry;Lorg/junit/jupiter/engine/execution/InvocationInterceptorChain$InterceptorCall;)Ljava/lang/Object;+31
j  org.junit.jupiter.engine.execution.InterceptingExecutableInvoker.invoke(Lorg/junit/jupiter/api/extension/InvocationInterceptor$Invocation;Lorg/junit/jupiter/api/extension/ReflectiveInvocationContext;Lorg/junit/jupiter/api/extension/ExtensionContext;Lorg/junit/jupiter/engine/extension/ExtensionRegistry;Lorg/junit/jupiter/engine/execution/InterceptingExecutableInvoker$ReflectiveInterceptorCall;)Ljava/lang/Object;+15
j  org.junit.jupiter.engine.execution.InterceptingExecutableInvoker.invoke(Ljava/lang/reflect/Method;Ljava/lang/Object;Lorg/junit/jupiter/api/extension/ExtensionContext;Lorg/junit/jupiter/engine/extension/ExtensionRegistry;Lorg/junit/jupiter/engine/execution/InterceptingExecutableInvoker$ReflectiveInterceptorCall;)Ljava/lang/Object;+55
j  org.junit.jupiter.engine.descriptor.TestMethodTestDescriptor.lambda$invokeTestMethod$8(Lorg/junit/jupiter/api/extension/ExtensionContext;Lorg/junit/jupiter/engine/execution/JupiterEngineExecutionContext;)V+28
j  org.junit.jupiter.engine.descriptor.TestMethodTestDescriptor$$Lambda+0x00000000970bd228.execute()V+12
j  org.junit.platform.engine.support.hierarchical.ThrowableCollector.execute(Lorg/junit/platform/engine/support/hierarchical/ThrowableCollector$Executable;)V+1
j  org.junit.jupiter.engine.descriptor.TestMethodTestDescriptor.invokeTestMethod(Lorg/junit/jupiter/engine/execution/JupiterEngineExecutionContext;Lorg/junit/platform/engine/support/hierarchical/Node$DynamicTestExecutor;)V+21
j  org.junit.jupiter.engine.descriptor.TestMethodTestDescriptor.execute(Lorg/junit/jupiter/engine/execution/JupiterEngineExecutionContext;Lorg/junit/platform/engine/support/hierarchical/Node$DynamicTestExecutor;)Lorg/junit/jupiter/engine/execution/JupiterEngineExecutionContext;+44
j  org.junit.jupiter.engine.descriptor.TestMethodTestDescriptor.execute(Lorg/junit/platform/engine/support/hierarchical/EngineExecutionContext;Lorg/junit/platform/engine/support/hierarchical/Node$DynamicTestExecutor;)Lorg/junit/platform/engine/support/hierarchical/EngineExecutionContext;+6
j  org.junit.platform.engine.support.hierarchical.NodeTestTask.lambda$executeRecursively$6()V+79
j  org.junit.platform.engine.support.hierarchical.NodeTestTask$$Lambda+0x00000000970991f0.execute()V+4
j  org.junit.platform.engine.support.hierarchical.ThrowableCollector.execute(Lorg/junit/platform/engine/support/hierarchical/ThrowableCollector$Executable;)V+1
j  org.junit.platform.engine.support.hierarchical.NodeTestTask.lambda$executeRecursively$8(Lorg/junit/platform/engine/support/hierarchical/EngineExecutionContext;)V+15
j  org.junit.platform.engine.support.hierarchical.NodeTestTask$$Lambda+0x0000000097098fc0.invoke(Lorg/junit/platform/engine/support/hierarchical/EngineExecutionContext;)V+5
j  org.junit.platform.engine.support.hierarchical.Node.around(Lorg/junit/platform/engine/support/hierarchical/EngineExecutionContext;Lorg/junit/platform/engine/support/hierarchical/Node$Invocation;)V+2
j  org.junit.platform.engine.support.hierarchical.NodeTestTask.lambda$executeRecursively$9()V+14
j  org.junit.platform.engine.support.hierarchical.NodeTestTask$$Lambda+0x0000000097098d90.execute()V+4
j  org.junit.platform.engine.support.hierarchical.ThrowableCollector.execute(Lorg/junit/platform/engine/support/hierarchical/ThrowableCollector$Executable;)V+1
j  org.junit.platform.engine.support.hierarchical.NodeTestTask.executeRecursively()V+31
j  org.junit.platform.engine.support.hierarchical.NodeTestTask.execute()V+55
j  org.junit.platform.engine.support.hierarchical.SameThreadHierarchicalTestExecutorService$$Lambda+0x0000000097099d30.accept(Ljava/lang/Object;)V+4
j  java.util.ArrayList.forEach(Ljava/util/function/Consumer;)V+46 java.base@25
j  org.junit.platform.engine.support.hierarchical.SameThreadHierarchicalTestExecutorService.invokeAll(Ljava/util/List;)V+6
j  org.junit.platform.engine.support.hierarchical.NodeTestTask.lambda$executeRecursively$6()V+116
j  org.junit.platform.engine.support.hierarchical.NodeTestTask$$Lambda+0x00000000970991f0.execute()V+4
j  org.junit.platform.engine.support.hierarchical.ThrowableCollector.execute(Lorg/junit/platform/engine/support/hierarchical/ThrowableCollector$Executable;)V+1
j  org.junit.platform.engine.support.hierarchical.NodeTestTask.lambda$executeRecursively$8(Lorg/junit/platform/engine/support/hierarchical/EngineExecutionContext;)V+15
j  org.junit.platform.engine.support.hierarchical.NodeTestTask$$Lambda+0x0000000097098fc0.invoke(Lorg/junit/platform/engine/support/hierarchical/EngineExecutionContext;)V+5
j  org.junit.platform.engine.support.hierarchical.Node.around(Lorg/junit/platform/engine/support/hierarchical/EngineExecutionContext;Lorg/junit/platform/engine/support/hierarchical/Node$Invocation;)V+2
j  org.junit.platform.engine.support.hierarchical.NodeTestTask.lambda$executeRecursively$9()V+14
j  org.junit.platform.engine.support.hierarchical.NodeTestTask$$Lambda+0x0000000097098d90.execute()V+4
j  org.junit.platform.engine.support.hierarchical.ThrowableCollector.execute(Lorg/junit/platform/engine/support/hierarchical/ThrowableCollector$Executable;)V+1
j  org.junit.platform.engine.support.hierarchical.NodeTestTask.executeRecursively()V+31
j  org.junit.platform.engine.support.hierarchical.NodeTestTask.execute()V+55
j  org.junit.platform.engine.support.hierarchical.SameThreadHierarchicalTestExecutorService$$Lambda+0x0000000097099d30.accept(Ljava/lang/Object;)V+4
j  java.util.ArrayList.forEach(Ljava/util/function/Consumer;)V+46 java.base@25
j  org.junit.platform.engine.support.hierarchical.SameThreadHierarchicalTestExecutorService.invokeAll(Ljava/util/List;)V+6
j  org.junit.platform.engine.support.hierarchical.NodeTestTask.lambda$executeRecursively$6()V+116
j  org.junit.platform.engine.support.hierarchical.NodeTestTask$$Lambda+0x00000000970991f0.execute()V+4
j  org.junit.platform.engine.support.hierarchical.ThrowableCollector.execute(Lorg/junit/platform/engine/support/hierarchical/ThrowableCollector$Executable;)V+1
j  org.junit.platform.engine.support.hierarchical.NodeTestTask.lambda$executeRecursively$8(Lorg/junit/platform/engine/support/hierarchical/EngineExecutionContext;)V+15
j  org.junit.platform.engine.support.hierarchical.NodeTestTask$$Lambda+0x0000000097098fc0.invoke(Lorg/junit/platform/engine/support/hierarchical/EngineExecutionContext;)V+5
j  org.junit.platform.engine.support.hierarchical.Node.around(Lorg/junit/platform/engine/support/hierarchical/EngineExecutionContext;Lorg/junit/platform/engine/support/hierarchical/Node$Invocation;)V+2
j  org.junit.platform.engine.support.hierarchical.NodeTestTask.lambda$executeRecursively$9()V+14
j  org.junit.platform.engine.support.hierarchical.NodeTestTask$$Lambda+0x0000000097098d90.execute()V+4
j  org.junit.platform.engine.support.hierarchical.ThrowableCollector.execute(Lorg/junit/platform/engine/support/hierarchical/ThrowableCollector$Executable;)V+1
j  org.junit.platform.engine.support.hierarchical.NodeTestTask.executeRecursively()V+31
j  org.junit.platform.engine.support.hierarchical.NodeTestTask.execute()V+55
j  org.junit.platform.engine.support.hierarchical.SameThreadHierarchicalTestExecutorService.submit(Lorg/junit/platform/engine/support/hierarchical/HierarchicalTestExecutorService$TestTask;)Ljava/util/concurrent/Future;+1
j  org.junit.platform.engine.support.hierarchical.HierarchicalTestExecutor.execute()Ljava/util/concurrent/Future;+74
j  org.junit.platform.engine.support.hierarchical.HierarchicalTestEngine.execute(Lorg/junit/platform/engine/ExecutionRequest;)V+31
j  org.junit.platform.launcher.core.EngineExecutionOrchestrator.execute(Lorg/junit/platform/engine/TestDescriptor;Lorg/junit/platform/engine/EngineExecutionListener;Lorg/junit/platform/engine/ConfigurationParameters;Lorg/junit/platform/engine/TestEngine;)V+24
j  org.junit.platform.launcher.core.EngineExecutionOrchestrator.execute(Lorg/junit/platform/launcher/core/LauncherDiscoveryResult;Lorg/junit/platform/engine/EngineExecutionListener;)V+115
j  org.junit.platform.launcher.core.EngineExecutionOrchestrator.execute(Lorg/junit/platform/launcher/core/InternalTestPlan;Lorg/junit/platform/engine/EngineExecutionListener;Lorg/junit/platform/launcher/TestExecutionListener;)V+55
j  org.junit.platform.launcher.core.EngineExecutionOrchestrator.lambda$execute$0(Lorg/junit/platform/launcher/core/InternalTestPlan;Lorg/junit/platform/launcher/TestExecutionListener;)V+6
j  org.junit.platform.launcher.core.EngineExecutionOrchestrator$$Lambda+0x0000000097088bc8.accept(Ljava/lang/Object;)V+12
j  org.junit.platform.launcher.core.EngineExecutionOrchestrator.withInterceptedStreams(Lorg/junit/platform/engine/ConfigurationParameters;Lorg/junit/platform/launcher/core/ListenerRegistry;Ljava/util/function/Consumer;)V+51
j  org.junit.platform.launcher.core.EngineExecutionOrchestrator.execute(Lorg/junit/platform/launcher/core/InternalTestPlan;[Lorg/junit/platform/launcher/TestExecutionListener;)V+23
j  org.junit.platform.launcher.core.DefaultLauncher.execute(Lorg/junit/platform/launcher/core/InternalTestPlan;[Lorg/junit/platform/launcher/TestExecutionListener;)V+6
j  org.junit.platform.launcher.core.DefaultLauncher.execute(Lorg/junit/platform/launcher/LauncherDiscoveryRequest;[Lorg/junit/platform/launcher/TestExecutionListener;)V+34
j  org.junit.platform.launcher.core.DelegatingLauncher.execute(Lorg/junit/platform/launcher/LauncherDiscoveryRequest;[Lorg/junit/platform/launcher/TestExecutionListener;)V+6
j  org.apache.maven.surefire.junitplatform.LazyLauncher.execute(Lorg/junit/platform/launcher/LauncherDiscoveryRequest;[Lorg/junit/platform/launcher/TestExecutionListener;)V+6
j  org.apache.maven.surefire.junitplatform.JUnitPlatformProvider.execute(Lorg/apache/maven/surefire/api/util/TestsToRun;Lorg/apache/maven/surefire/junitplatform/RunListenerAdapter;)V+70
j  org.apache.maven.surefire.junitplatform.JUnitPlatformProvider.invokeAllTests(Lorg/apache/maven/surefire/api/util/TestsToRun;Lorg/apache/maven/surefire/junitplatform/RunListenerAdapter;)V+3
j  org.apache.maven.surefire.junitplatform.JUnitPlatformProvider.invoke(Ljava/lang/Object;)Lorg/apache/maven/surefire/api/suite/RunResult;+95
j  org.apache.maven.surefire.booter.ForkedBooter.runSuitesInProcess()V+8
j  org.apache.maven.surefire.booter.ForkedBooter.execute()V+1
j  org.apache.maven.surefire.booter.ForkedBooter.run(Lorg/apache/maven/surefire/booter/ForkedBooter;[Ljava/lang/String;)V+27
j  org.apache.maven.surefire.booter.ForkedBooter.main([Ljava/lang/String;)V+10
v  ~StubRoutines::call_stub 0x00007bc04b937fa6

siginfo: si_signo: 11 (SIGSEGV), si_code: 1 (SEGV_MAPERR), si_addr: 0x0000000000000000

Registers:
RAX=0x0000000000000100, RBX=0x00007bc05c463b50, RCX=0x00007bc031a7b570, RDX=0x0000000000000001
RSP=0x00007bc061512c20, RBP=0x00007bc061512c30, RSI=0x00007bc0328998a0, RDI=0x00007bc05c463b50
R8 =0x0000000000000000, R9 =0x0000000000000000, R10=0x00007bc031a16a78, R11=0x00007bc031a7db60
R12=0x0000000000000000, R13=0x00007bc061512c48, R14=0x00007bc061512d50, R15=0x00007bc05c02b2d0
RIP=0x00007bc031a7dbb0, EFLAGS=0x0000000000010206, CSGSFS=0x002b000000000033, ERR=0x0000000000000004
  TRAPNO=0x000000000000000e

XMM[0]=0xffffffffffffffff 0xffffffffffffffff
XMM[1]=0x0000000000000000 0x00007bc05c02b2d0
XMM[2]=0x0000000000000000 0x0000000000000000
XMM[3]=0x0000000000000000 0x00007bc04b93ed08
XMM[4]=0x0000000000000000 0x00007bc05c02b2d0
XMM[5]=0x0000000000000000 0x00007bc05c02b2d0
XMM[6]=0x0000000000000000 0x00007bc05c701c88
XMM[7]=0x0000000000000000 0x00007bc05c02b2d0
XMM[8]=0x0000002800020007 0x0006000800020000
XMM[9]=0xf8e2f4cef8e2f4ce 0xf8e2f4cefaeb1564
XMM[10]=0x0000000000000000 0x0000000002082096
XMM[11]=0x2079760f2079760f 0x2079760f1b648b73
XMM[12]=0x0000000000000000 0x00000000faeb1564
XMM[13]=0x0000000000000000 0x0000000000000000
XMM[14]=0x0000000000000000 0x0000000000000000
XMM[15]=0x0000000000000000 0x0000000000000000
  MXCSR=0x00001fa2


Register to memory mapping:

RAX=0x0000000000000100 is an unknown value
RBX=0x00007bc05c463b50 points into unknown readable memory: 0x00007bc03287b060 | 60 b0 87 32 c0 7b 00 00
RCX=0x00007bc031a7b570: u8g2_ll_hvline_vertical_top_lsb+0x0000000000000000 in /tmp/u8g2-native-11799964348063004503/libu8g2.so at 0x00007bc031a00000
RDX=0x0000000000000001 is an unknown value
RSP=0x00007bc061512c20 is pointing into the stack for thread: 0x00007bc05c02b2d0
RBP=0x00007bc061512c30 is pointing into the stack for thread: 0x00007bc05c02b2d0
RSI=0x00007bc0328998a0: <offset 0x0000000000e998a0> in /tmp/u8g2-native-11799964348063004503/libu8g2.so at 0x00007bc031a00000
RDI=0x00007bc05c463b50 points into unknown readable memory: 0x00007bc03287b060 | 60 b0 87 32 c0 7b 00 00
R8 =0x0 is null
R9 =0x0 is null
R10=0x00007bc031a16a78: <offset 0x0000000000016a78> in /tmp/u8g2-native-11799964348063004503/libu8g2.so at 0x00007bc031a00000
R11=0x00007bc031a7db60: u8g2_SetupBuffer+0x0000000000000000 in /tmp/u8g2-native-11799964348063004503/libu8g2.so at 0x00007bc031a00000
R12=0x0 is null
R13=0x00007bc061512c48 is pointing into the stack for thread: 0x00007bc05c02b2d0
R14=0x00007bc061512d50 is pointing into the stack for thread: 0x00007bc05c02b2d0
R15=0x00007bc05c02b2d0 is a thread

Top of Stack: (sp=0x00007bc061512c20)
0x00007bc061512c20:   00007bc018b23180 00007bc04ba795a3   .1...{.....K.{..
0x00007bc061512c30:   00007bc061512ce8 00007bc04b93f438   .,Qa.{..8..K.{..
0x00007bc061512c40:   00007bc04b93f438 000000078244b460   8..K.{..`.D.....
0x00007bc061512c50:   0000000000000000 0000000000000000   ................
0x00007bc061512c60:   0000000000000000 0000000000000000   ................
0x00007bc061512c70:   0000000000000000 0000000000000000   ................
0x00007bc061512c80:   00007bc05c463b50 0000000000000000   P;F\.{..........
0x00007bc061512c90:   00007bc031a7dcb0 0000000000000000   ...1.{..........
0x00007bc061512ca0:   fffffffffffffff7 00007bc018ab7a58   ........Xz...{..
0x00007bc061512cb0:   000000000000000d 00007bc018ab7c00   .........|...{..
0x00007bc061512cc0:   0000000000000000 000000078246bd28   ........(.F.....
0x00007bc061512cd0:   00007bc018ab7a68 ffffffffffffffec   hz...{..........
0x00007bc061512ce0:   00007bc061512d00 00007bc061512da0   .-Qa.{...-Qa.{..
0x00007bc061512cf0:   00007bc04b93f438 000000078244b460   8..K.{..`.D.....
0x00007bc061512d00:   0000000000000000 0000000000000000   ................
0x00007bc061512d10:   0000000000000000 0000000000000000   ................
0x00007bc061512d20:   0000000000000000 0000000000000000   ................
0x00007bc061512d30:   00007bc05c463b50 0000000000000000   P;F\.{..........
0x00007bc061512d40:   00007bc031a7dcb0 0000000000000000   ...1.{..........
0x00007bc061512d50:   000000078246be58 fffffffffffffff7   X.F.............
0x00007bc061512d60:   00007bc018abf6a3 000000000000000d   .....{..........
0x00007bc061512d70:   00007bc018abf868 0000000000000000   h....{..........
0x00007bc061512d80:   0000000782528a30 00007bc018abf6b0   0.R..........{..
0x00007bc061512d90:   ffffffffffffffec 00007bc061512db0   .........-Qa.{..
0x00007bc061512da0:   00007bc061512e58 00007bc04b93f438   X.Qa.{..8..K.{..
0x00007bc061512db0:   00000007827d50d0 0000000000000000   .P}.............
0x00007bc061512dc0:   0000000000000000 0000000000000000   ................
0x00007bc061512dd0:   0000000000000000 0000000000000000   ................
0x00007bc061512de0:   0000000000000000 00007bc05c463b50   ........P;F\.{..
0x00007bc061512df0:   0000000000000000 00007bc031a7dcb0   ...........1.{..
0x00007bc061512e00:   0000000000000000 000000078246be58   ........X.F.....
0x00007bc061512e10:   fffffffffffffff7 00007bc018ab9441   ........A....{..

Instructions: (pc=0x00007bc031a7dbb0)
  0x00007bc031a7dab0:   83 a2 00 00 00 66 3b 83 9a 00 00 00 73 07 66 89
  0x00007bc031a7dac0:   83 9a 00 00 00 0f b7 83 a4 00 00 00 66 39 83 9c
  0x00007bc031a7dad0:   00 00 00 73 07 66 89 83 9c 00 00 00 0f b7 83 a6
  0x00007bc031a7dae0:   00 00 00 66 3b 83 9e 00 00 00 73 a2 66 89 83 9e
  0x00007bc031a7daf0:   00 00 00 5b c3 66 66 2e 0f 1f 84 00 00 00 00 00
  0x00007bc031a7db00:   f3 0f 1e fa 48 8b 05 fd 0e 02 00 48 89 87 a0 00
  0x00007bc031a7db10:   00 00 48 8b 47 78 ff 60 08 0f 1f 80 00 00 00 00
  0x00007bc031a7db20:   f3 0f 1e fa 45 0f b7 c0 0f b7 d2 0f b7 c9 0f b7
  0x00007bc031a7db30:   f6 49 c1 e0 10 48 8b 47 78 49 09 d0 49 c1 e0 10
  0x00007bc031a7db40:   49 09 c8 49 c1 e0 10 49 09 f0 4c 89 87 a0 00 00
  0x00007bc031a7db50:   00 ff 60 08 66 66 2e 0f 1f 84 00 00 00 00 00 90
  0x00007bc031a7db60:   f3 0f 1e fa 53 b8 00 01 00 00 48 89 fb 48 89 4f
  0x00007bc031a7db70:   70 48 89 b7 80 00 00 00 88 97 88 00 00 00 66 89
  0x00007bc031a7db80:   87 ed 00 00 00 4c 89 47 78 48 c7 87 a8 00 00 00
  0x00007bc031a7db90:   00 00 00 00 c6 87 89 00 00 00 00 c6 87 c9 00 00
  0x00007bc031a7dba0:   00 00 c6 87 e9 00 00 00 00 c6 87 ef 00 00 00 01
=>0x00007bc031a7dbb0:   41 ff 10 48 89 df e8 e5 a2 fc ff 48 89 df e8 2d
  0x00007bc031a7dbc0:   9b fc ff c6 83 cc 00 00 00 00 5b c3 0f 1f 40 00
  0x00007bc031a7dbd0:   f3 0f 1e fa 53 48 89 fb 48 89 77 78 ff 16 48 8b
  0x00007bc031a7dbe0:   43 78 48 89 df 5b 48 8b 40 08 ff e0 0f 1f 40 00
  0x00007bc031a7dbf0:   f3 0f 1e fa 48 81 ec d8 00 00 00 48 89 54 24 30
  0x00007bc031a7dc00:   48 89 4c 24 38 4c 89 44 24 40 4c 89 4c 24 48 84
  0x00007bc031a7dc10:   c0 74 37 0f 29 44 24 50 0f 29 4c 24 60 0f 29 54
  0x00007bc031a7dc20:   24 70 0f 29 9c 24 80 00 00 00 0f 29 a4 24 90 00
  0x00007bc031a7dc30:   00 00 0f 29 ac 24 a0 00 00 00 0f 29 b4 24 b0 00
  0x00007bc031a7dc40:   00 00 0f 29 bc 24 c0 00 00 00 64 48 8b 04 25 28
  0x00007bc031a7dc50:   00 00 00 48 89 44 24 18 31 c0 48 8d 84 24 e0 00
  0x00007bc031a7dc60:   00 00 48 89 e2 c7 04 24 10 00 00 00 48 89 44 24
  0x00007bc031a7dc70:   08 48 8d 44 24 20 48 89 44 24 10 c7 44 24 04 30
  0x00007bc031a7dc80:   00 00 00 e8 f8 91 fc ff 48 8b 44 24 18 64 48 2b
  0x00007bc031a7dc90:   04 25 28 00 00 00 75 08 48 81 c4 d8 00 00 00 c3
  0x00007bc031a7dca0:   e8 db 98 fc ff 66 66 2e 0f 1f 84 00 00 00 00 00


Stack slot to memory mapping:

stack at sp + 0 slots: {method} {0x00007bc018b23180} 'linkToNative' '(JJJJJLjava/lang/Object;)V' in 'java/lang/invoke/MethodHandle'
stack at sp + 1 slots: 0x00007bc04ba795a3 is at code_begin+67 in 
[CodeBlob kind:6 (0x00007bc04ba79508)]
Framesize: 2
Runtime Stub (0x00007bc04ba79508): nep_invoker_blob
--------------------------------------------------------------------------------
Decoding CodeBlob, name: nep_invoker_blob, at  [0x00007bc04ba79560, 0x00007bc04ba79648]  232 bytes
[MachCode]
  0x00007bc04ba79560: 5548 8bec | c5f8 7749 | 89af 9004 | 0000 49ba | 6495 a74b | c07b 0000 | 4d89 9788 | 0400 0049 
  0x00007bc04ba79580: 89a7 8004 | 0000 41c7 | 872c 0500 | 0004 0000 | 004c 8bd6 | 488b f149 | 8bc9 488b | fa49 8bd0 
  0x00007bc04ba795a0: 41ff d2c5 | f877 41c7 | 872c 0500 | 0005 0000 | 00f0 8344 | 24c0 0049 | 3b6f 280f | 874d 0000 
  0x00007bc04ba795c0: 0041 83bf | 2805 0000 | 000f 853f | 0000 0041 | c787 2c05 | 0000 0800 | 0000 4183 | bfa8 0500 
  0x00007bc04ba795e0: 0002 0f84 | 4400 0000 | 49c7 8780 | 0400 0000 | 0000 0049 | c787 9004 | 0000 0000 | 0000 49c7 
  0x00007bc04ba79600: 8788 0400 | 0000 0000 | 00c5 f877 | c9c3 498b | ffc5 f877 | 4c8b e448 | 83ec 0048 | 83e4 f0e8 
  0x00007bc04ba79620: cc02 5916 | 498b e44d | 33e4 eba3 | c5f8 774c | 8be4 4883 | ec00 4883 | e4f0 e831 | 2ea7 1649 
  0x00007bc04ba79640: 8be4 4d33 | e4eb a1f4 
[/MachCode]
--------------------------------------------------------------------------------
stack at sp + 2 slots: 0x00007bc061512ce8 is pointing into the stack for thread: 0x00007bc05c02b2d0
stack at sp + 3 slots: 0x00007bc04b93f438 is at code_begin+1272 in an Interpreter codelet
return entry points  [0x00007bc04b93ef40, 0x00007bc04b93fbb8]  3192 bytes
stack at sp + 4 slots: 0x00007bc04b93f438 is at code_begin+1272 in an Interpreter codelet
return entry points  [0x00007bc04b93ef40, 0x00007bc04b93fbb8]  3192 bytes
stack at sp + 5 slots: 0x000000078244b460 is an oop: jdk.internal.foreign.abi.NativeEntryPoint 
{0x000000078244b460} - klass: 'jdk/internal/foreign/abi/NativeEntryPoint' - flags: 

 - ---- fields (total size 3 words):
 - private final 'methodType' 'Ljava/lang/invoke/MethodType;' @12  a 'java/lang/invoke/MethodType'{0x00000007827d50d0} = (JJJJJ)V (0xf04faa1a)
 - private final 'downcallStubAddress' 'J' @16  136065833211232 (0x00007bc04ba79560)
stack at sp + 6 slots: 0x0 is null
stack at sp + 7 slots: 0x0 is null

Lock stack of current Java thread (top to bottom):

--------------------------------------------------------------------------------
Decoding CodeBlob, name: nep_invoker_blob, at  [0x00007bc04ba79560, 0x00007bc04ba79648]  232 bytes
[MachCode]
  0x00007bc04ba79560: 5548 8bec | c5f8 7749 | 89af 9004 | 0000 49ba | 6495 a74b | c07b 0000 | 4d89 9788 | 0400 0049 
  0x00007bc04ba79580: 89a7 8004 | 0000 41c7 | 872c 0500 | 0004 0000 | 004c 8bd6 | 488b f149 | 8bc9 488b | fa49 8bd0 
  0x00007bc04ba795a0: 41ff d2c5 | f877 41c7 | 872c 0500 | 0005 0000 | 00f0 8344 | 24c0 0049 | 3b6f 280f | 874d 0000 
  0x00007bc04ba795c0: 0041 83bf | 2805 0000 | 000f 853f | 0000 0041 | c787 2c05 | 0000 0800 | 0000 4183 | bfa8 0500 
  0x00007bc04ba795e0: 0002 0f84 | 4400 0000 | 49c7 8780 | 0400 0000 | 0000 0049 | c787 9004 | 0000 0000 | 0000 49c7 
  0x00007bc04ba79600: 8788 0400 | 0000 0000 | 00c5 f877 | c9c3 498b | ffc5 f877 | 4c8b e448 | 83ec 0048 | 83e4 f0e8 
  0x00007bc04ba79620: cc02 5916 | 498b e44d | 33e4 eba3 | c5f8 774c | 8be4 4883 | ec00 4883 | e4f0 e831 | 2ea7 1649 
  0x00007bc04ba79640: 8be4 4d33 | e4eb a1f4 
[/MachCode]
--------------------------------------------------------------------------------


---------------  P R O C E S S  ---------------

Threads class SMR info:
_java_thread_list=0x00007bc0047201b0, length=13, elements={
0x00007bc05c02b2d0, 0x00007bc05c0ce940, 0x00007bc05c0d0170, 0x00007bc05c0d1cd0,
0x00007bc05c0d35f0, 0x00007bc05c0d4e70, 0x00007bc05c0d6c70, 0x00007bc05c0d8660,
0x00007bc05c139e40, 0x00007bc05c13c490, 0x00007bc05c23fee0, 0x00007bc05c24c050,
0x00007bc00471ed70
}

Java Threads: ( => current thread )
=>0x00007bc05c02b2d0 JavaThread "main"                              [_thread_in_native, id=20069, stack(0x00007bc061417000,0x00007bc061517000) (1024K)]
  0x00007bc05c0ce940 JavaThread "Reference Handler"          daemon [_thread_blocked, id=20082, stack(0x00007bc033500000,0x00007bc033600000) (1024K)]
  0x00007bc05c0d0170 JavaThread "Finalizer"                  daemon [_thread_blocked, id=20083, stack(0x00007bc033400000,0x00007bc033500000) (1024K)]
  0x00007bc05c0d1cd0 JavaThread "Signal Dispatcher"          daemon [_thread_blocked, id=20084, stack(0x00007bc033300000,0x00007bc033400000) (1024K)]
  0x00007bc05c0d35f0 JavaThread "Service Thread"             daemon [_thread_blocked, id=20085, stack(0x00007bc033200000,0x00007bc033300000) (1024K)]
  0x00007bc05c0d4e70 JavaThread "Monitor Deflation Thread"   daemon [_thread_blocked, id=20086, stack(0x00007bc033100000,0x00007bc033200000) (1024K)]
  0x00007bc05c0d6c70 JavaThread "C2 CompilerThread0"         daemon [_thread_blocked, id=20087, stack(0x00007bc033000000,0x00007bc033100000) (1024K)]
  0x00007bc05c0d8660 JavaThread "C1 CompilerThread0"         daemon [_thread_blocked, id=20088, stack(0x00007bc032f00000,0x00007bc033000000) (1024K)]
  0x00007bc05c139e40 JavaThread "Notification Thread"        daemon [_thread_blocked, id=20089, stack(0x00007bc032e00000,0x00007bc032f00000) (1024K)]
  0x00007bc05c13c490 JavaThread "Common-Cleaner"             daemon [_thread_blocked, id=20090, stack(0x00007bc032d00000,0x00007bc032e00000) (1024K)]
  0x00007bc05c23fee0 JavaThread "surefire-forkedjvm-stream-flusher" daemon [_thread_blocked, id=20091, stack(0x00007bc032c00000,0x00007bc032d00000) (1024K)]
  0x00007bc05c24c050 JavaThread "surefire-forkedjvm-command-thread" daemon [_thread_in_native, id=20092, stack(0x00007bc032b00000,0x00007bc032c00000) (1024K)]
  0x00007bc00471ed70 JavaThread "C2 CompilerThread1"         daemon [_thread_blocked, id=20093, stack(0x00007bc032a00000,0x00007bc032b00000) (1024K)]
Total: 13

Other Threads:
  0x00007bc05c0c49f0 VMThread "VM Thread"                           [id=20080, stack(0x00007bc033cfe000,0x00007bc033dfe000) (1024K)]
  0x00007bc05c0b4730 WatcherThread "VM Periodic Task Thread"        [id=20079, stack(0x00007bc033bfd000,0x00007bc033cfd000) (1024K)]
  0x00007bc05c071c10 WorkerThread "GC Thread#0"                     [id=20070, stack(0x00007bc0604e5000,0x00007bc0605e5000) (1024K)]
  0x00007bc0280075a0 WorkerThread "GC Thread#1"                     [id=20094, stack(0x00007bc030d5c000,0x00007bc030e5c000) (1024K)]
  0x00007bc028008190 WorkerThread "GC Thread#2"                     [id=20095, stack(0x00007bc030c5b000,0x00007bc030d5b000) (1024K)]
  0x00007bc02800d5e0 WorkerThread "GC Thread#3"                     [id=20096, stack(0x00007bc030b5a000,0x00007bc030c5a000) (1024K)]
  0x00007bc05c07fcd0 ConcurrentGCThread "G1 Main Marker"            [id=20071, stack(0x00007bc0603e4000,0x00007bc0604e4000) (1024K)]
  0x00007bc05c080ea0 WorkerThread "G1 Conc#0"                       [id=20072, stack(0x00007bc0602e3000,0x00007bc0603e3000) (1024K)]
  0x00007bc05c0a5ad0 ConcurrentGCThread "G1 Refine#0"               [id=20073, stack(0x00007bc033f00000,0x00007bc034000000) (1024K)]
  0x00007bc05c0a6cc0 ConcurrentGCThread "G1 Service"                [id=20074, stack(0x00007bc033dff000,0x00007bc033eff000) (1024K)]
Total: 10

Threads with active compile tasks:
Total: 0

VM state: not at safepoint (normal execution)

VM Mutex/Monitor currently owned by a thread: None

Heap address: 0x000000077a800000, size: 2136 MB, Compressed Oops mode: Zero based, Oop shift amount: 3

CDS archive(s) mapped at: [0x0000000096000000-0x0000000096d8c000-0x0000000096d8c000), size 14204928, SharedBaseAddress: 0x0000000096000000, ArchiveRelocationMode: 1.
Compressed class space mapped at: 0x0000000097000000-0x00000000d7000000, reserved size: 1073741824
UseCompressedClassPointers 1, UseCompactObjectHeaders 0
Narrow klass pointer bits 32, Max shift 3
Narrow klass base: 0x0000000096000000, Narrow klass shift: 0
Encoding Range: [0x0000000096000000 - 0x0000000196000000), (4294967296 bytes)
Klass Range:    [0x0000000096001000 - 0x00000000d7000000), (1090514944 bytes)
Klass ID Range:  [4096 - 1090519033) (1090514937)
Protection zone: [0x0000000096000000 - 0x0000000096001000), (4096 bytes)

GC Precious Log:
 CardTable entry size: 512
 Card Set container configuration: InlinePtr #cards 4 size 8 Array Of Cards #cards 16 size 48 Howl #buckets 8 coarsen threshold 3686 Howl Bitmap #cards 512 size 80 coarsen threshold 460 Card regions per heap region 1 cards per card region 4096
 CPUs: 4 total, 4 available
 Memory: 8538M
 Large Page Support: Disabled
 NUMA Support: Disabled
 Compressed Oops: Enabled (Zero based)
 Heap Region Size: 2M
 Heap Min Capacity: 8M
 Heap Initial Capacity: 134M
 Heap Max Capacity: 2136M
 Pre-touch: Disabled
 Parallel Workers: 4
 Concurrent Workers: 1
 Concurrent Refinement Workers: 4
 Periodic GC: Disabled

Heap:
 garbage-first heap   total reserved 2187264K, committed 139264K, used 10585K [0x000000077a800000, 0x0000000800000000)
  region size 2048K, 7 young (14336K), 2 survivors (4096K)

Heap Regions: E=young(eden), S=young(survivor), O=old, HS=humongous(starts), HC=humongous(continues), CS=collection set, F=free, TAMS=top-at-mark-start, PB=parsable bottom
|   0|0x000000077a800000, 0x000000077a800000, 0x000000077aa00000|  0%| F|  |TAMS 0x000000077a800000| PB 0x000000077a800000| Untracked |  0
|   1|0x000000077aa00000, 0x000000077aa00000, 0x000000077ac00000|  0%| F|  |TAMS 0x000000077aa00000| PB 0x000000077aa00000| Untracked |  0
|   2|0x000000077ac00000, 0x000000077ac00000, 0x000000077ae00000|  0%| F|  |TAMS 0x000000077ac00000| PB 0x000000077ac00000| Untracked |  0
|   3|0x000000077ae00000, 0x000000077ae00000, 0x000000077b000000|  0%| F|  |TAMS 0x000000077ae00000| PB 0x000000077ae00000| Untracked |  0
|   4|0x000000077b000000, 0x000000077b000000, 0x000000077b200000|  0%| F|  |TAMS 0x000000077b000000| PB 0x000000077b000000| Untracked |  0
|   5|0x000000077b200000, 0x000000077b200000, 0x000000077b400000|  0%| F|  |TAMS 0x000000077b200000| PB 0x000000077b200000| Untracked |  0
|   6|0x000000077b400000, 0x000000077b400000, 0x000000077b600000|  0%| F|  |TAMS 0x000000077b400000| PB 0x000000077b400000| Untracked |  0
|   7|0x000000077b600000, 0x000000077b600000, 0x000000077b800000|  0%| F|  |TAMS 0x000000077b600000| PB 0x000000077b600000| Untracked |  0
|   8|0x000000077b800000, 0x000000077b800000, 0x000000077ba00000|  0%| F|  |TAMS 0x000000077b800000| PB 0x000000077b800000| Untracked |  0
|   9|0x000000077ba00000, 0x000000077ba00000, 0x000000077bc00000|  0%| F|  |TAMS 0x000000077ba00000| PB 0x000000077ba00000| Untracked |  0
|  10|0x000000077bc00000, 0x000000077bc00000, 0x000000077be00000|  0%| F|  |TAMS 0x000000077bc00000| PB 0x000000077bc00000| Untracked |  0
|  11|0x000000077be00000, 0x000000077be00000, 0x000000077c000000|  0%| F|  |TAMS 0x000000077be00000| PB 0x000000077be00000| Untracked |  0
|  12|0x000000077c000000, 0x000000077c000000, 0x000000077c200000|  0%| F|  |TAMS 0x000000077c000000| PB 0x000000077c000000| Untracked |  0
|  13|0x000000077c200000, 0x000000077c200000, 0x000000077c400000|  0%| F|  |TAMS 0x000000077c200000| PB 0x000000077c200000| Untracked |  0
|  14|0x000000077c400000, 0x000000077c400000, 0x000000077c600000|  0%| F|  |TAMS 0x000000077c400000| PB 0x000000077c400000| Untracked |  0
|  15|0x000000077c600000, 0x000000077c600000, 0x000000077c800000|  0%| F|  |TAMS 0x000000077c600000| PB 0x000000077c600000| Untracked |  0
|  16|0x000000077c800000, 0x000000077c800000, 0x000000077ca00000|  0%| F|  |TAMS 0x000000077c800000| PB 0x000000077c800000| Untracked |  0
|  17|0x000000077ca00000, 0x000000077ca00000, 0x000000077cc00000|  0%| F|  |TAMS 0x000000077ca00000| PB 0x000000077ca00000| Untracked |  0
|  18|0x000000077cc00000, 0x000000077cc00000, 0x000000077ce00000|  0%| F|  |TAMS 0x000000077cc00000| PB 0x000000077cc00000| Untracked |  0
|  19|0x000000077ce00000, 0x000000077ce00000, 0x000000077d000000|  0%| F|  |TAMS 0x000000077ce00000| PB 0x000000077ce00000| Untracked |  0
|  20|0x000000077d000000, 0x000000077d000000, 0x000000077d200000|  0%| F|  |TAMS 0x000000077d000000| PB 0x000000077d000000| Untracked |  0
|  21|0x000000077d200000, 0x000000077d200000, 0x000000077d400000|  0%| F|  |TAMS 0x000000077d200000| PB 0x000000077d200000| Untracked |  0
|  22|0x000000077d400000, 0x000000077d400000, 0x000000077d600000|  0%| F|  |TAMS 0x000000077d400000| PB 0x000000077d400000| Untracked |  0
|  23|0x000000077d600000, 0x000000077d600000, 0x000000077d800000|  0%| F|  |TAMS 0x000000077d600000| PB 0x000000077d600000| Untracked |  0
|  24|0x000000077d800000, 0x000000077d800000, 0x000000077da00000|  0%| F|  |TAMS 0x000000077d800000| PB 0x000000077d800000| Untracked |  0
|  25|0x000000077da00000, 0x000000077da00000, 0x000000077dc00000|  0%| F|  |TAMS 0x000000077da00000| PB 0x000000077da00000| Untracked |  0
|  26|0x000000077dc00000, 0x000000077dc00000, 0x000000077de00000|  0%| F|  |TAMS 0x000000077dc00000| PB 0x000000077dc00000| Untracked |  0
|  27|0x000000077de00000, 0x000000077de00000, 0x000000077e000000|  0%| F|  |TAMS 0x000000077de00000| PB 0x000000077de00000| Untracked |  0
|  28|0x000000077e000000, 0x000000077e000000, 0x000000077e200000|  0%| F|  |TAMS 0x000000077e000000| PB 0x000000077e000000| Untracked |  0
|  29|0x000000077e200000, 0x000000077e200000, 0x000000077e400000|  0%| F|  |TAMS 0x000000077e200000| PB 0x000000077e200000| Untracked |  0
|  30|0x000000077e400000, 0x000000077e400000, 0x000000077e600000|  0%| F|  |TAMS 0x000000077e400000| PB 0x000000077e400000| Untracked |  0
|  31|0x000000077e600000, 0x000000077e600000, 0x000000077e800000|  0%| F|  |TAMS 0x000000077e600000| PB 0x000000077e600000| Untracked |  0
|  32|0x000000077e800000, 0x000000077e800000, 0x000000077ea00000|  0%| F|  |TAMS 0x000000077e800000| PB 0x000000077e800000| Untracked |  0
|  33|0x000000077ea00000, 0x000000077ea00000, 0x000000077ec00000|  0%| F|  |TAMS 0x000000077ea00000| PB 0x000000077ea00000| Untracked |  0
|  34|0x000000077ec00000, 0x000000077ec00000, 0x000000077ee00000|  0%| F|  |TAMS 0x000000077ec00000| PB 0x000000077ec00000| Untracked |  0
|  35|0x000000077ee00000, 0x000000077ee00000, 0x000000077f000000|  0%| F|  |TAMS 0x000000077ee00000| PB 0x000000077ee00000| Untracked |  0
|  36|0x000000077f000000, 0x000000077f000000, 0x000000077f200000|  0%| F|  |TAMS 0x000000077f000000| PB 0x000000077f000000| Untracked |  0
|  37|0x000000077f200000, 0x000000077f200000, 0x000000077f400000|  0%| F|  |TAMS 0x000000077f200000| PB 0x000000077f200000| Untracked |  0
|  38|0x000000077f400000, 0x000000077f400000, 0x000000077f600000|  0%| F|  |TAMS 0x000000077f400000| PB 0x000000077f400000| Untracked |  0
|  39|0x000000077f600000, 0x000000077f600000, 0x000000077f800000|  0%| F|  |TAMS 0x000000077f600000| PB 0x000000077f600000| Untracked |  0
|  40|0x000000077f800000, 0x000000077f800000, 0x000000077fa00000|  0%| F|  |TAMS 0x000000077f800000| PB 0x000000077f800000| Untracked |  0
|  41|0x000000077fa00000, 0x000000077fa00000, 0x000000077fc00000|  0%| F|  |TAMS 0x000000077fa00000| PB 0x000000077fa00000| Untracked |  0
|  42|0x000000077fc00000, 0x000000077fc00000, 0x000000077fe00000|  0%| F|  |TAMS 0x000000077fc00000| PB 0x000000077fc00000| Untracked |  0
|  43|0x000000077fe00000, 0x000000077fe00000, 0x0000000780000000|  0%| F|  |TAMS 0x000000077fe00000| PB 0x000000077fe00000| Untracked |  0
|  44|0x0000000780000000, 0x0000000780000000, 0x0000000780200000|  0%| F|  |TAMS 0x0000000780000000| PB 0x0000000780000000| Untracked |  0
|  45|0x0000000780200000, 0x0000000780200000, 0x0000000780400000|  0%| F|  |TAMS 0x0000000780200000| PB 0x0000000780200000| Untracked |  0
|  46|0x0000000780400000, 0x0000000780400000, 0x0000000780600000|  0%| F|  |TAMS 0x0000000780400000| PB 0x0000000780400000| Untracked |  0
|  47|0x0000000780600000, 0x0000000780600000, 0x0000000780800000|  0%| F|  |TAMS 0x0000000780600000| PB 0x0000000780600000| Untracked |  0
|  48|0x0000000780800000, 0x0000000780800000, 0x0000000780a00000|  0%| F|  |TAMS 0x0000000780800000| PB 0x0000000780800000| Untracked |  0
|  49|0x0000000780a00000, 0x0000000780a00000, 0x0000000780c00000|  0%| F|  |TAMS 0x0000000780a00000| PB 0x0000000780a00000| Untracked |  0
|  50|0x0000000780c00000, 0x0000000780c00000, 0x0000000780e00000|  0%| F|  |TAMS 0x0000000780c00000| PB 0x0000000780c00000| Untracked |  0
|  51|0x0000000780e00000, 0x0000000780f35508, 0x0000000781000000| 60%| S|CS|TAMS 0x0000000780e00000| PB 0x0000000780e00000| Complete |  0
|  52|0x0000000781000000, 0x0000000781200000, 0x0000000781200000|100%| S|CS|TAMS 0x0000000781000000| PB 0x0000000781000000| Complete |  0
|  53|0x0000000781200000, 0x0000000781200000, 0x0000000781400000|  0%| F|  |TAMS 0x0000000781200000| PB 0x0000000781200000| Untracked |  0
|  54|0x0000000781400000, 0x0000000781400000, 0x0000000781600000|  0%| F|  |TAMS 0x0000000781400000| PB 0x0000000781400000| Untracked |  0
|  55|0x0000000781600000, 0x0000000781600000, 0x0000000781800000|  0%| F|  |TAMS 0x0000000781600000| PB 0x0000000781600000| Untracked |  0
|  56|0x0000000781800000, 0x0000000781800000, 0x0000000781a00000|  0%| F|  |TAMS 0x0000000781800000| PB 0x0000000781800000| Untracked |  0
|  57|0x0000000781a00000, 0x0000000781a00000, 0x0000000781c00000|  0%| F|  |TAMS 0x0000000781a00000| PB 0x0000000781a00000| Untracked |  0
|  58|0x0000000781c00000, 0x0000000781c00000, 0x0000000781e00000|  0%| F|  |TAMS 0x0000000781c00000| PB 0x0000000781c00000| Untracked |  0
|  59|0x0000000781e00000, 0x0000000781e00000, 0x0000000782000000|  0%| F|  |TAMS 0x0000000781e00000| PB 0x0000000781e00000| Untracked |  0
|  60|0x0000000782000000, 0x0000000782000000, 0x0000000782200000|  0%| F|  |TAMS 0x0000000782000000| PB 0x0000000782000000| Untracked |  0
|  61|0x0000000782200000, 0x0000000782200000, 0x0000000782400000|  0%| F|  |TAMS 0x0000000782200000| PB 0x0000000782200000| Untracked |  0
|  62|0x0000000782400000, 0x00000007825709c8, 0x0000000782600000| 71%| E|  |TAMS 0x0000000782400000| PB 0x0000000782400000| Complete |  0
|  63|0x0000000782600000, 0x0000000782800000, 0x0000000782800000|100%| E|CS|TAMS 0x0000000782600000| PB 0x0000000782600000| Complete |  0
|  64|0x0000000782800000, 0x0000000782a00000, 0x0000000782a00000|100%| E|CS|TAMS 0x0000000782800000| PB 0x0000000782800000| Complete |  0
|  65|0x0000000782a00000, 0x0000000782c00000, 0x0000000782c00000|100%| E|  |TAMS 0x0000000782a00000| PB 0x0000000782a00000| Complete |  0
|  66|0x0000000782c00000, 0x0000000782e00000, 0x0000000782e00000|100%| E|CS|TAMS 0x0000000782c00000| PB 0x0000000782c00000| Complete |  0
|1067|0x00000007ffe00000, 0x00000007fff20f88, 0x0000000800000000| 56%| O|  |TAMS 0x00000007ffe00000| PB 0x00000007ffe00000| Untracked |  0

Card table byte_map: [0x00007bc0605e5000,0x00007bc060a11000] _byte_map_base: 0x00007bc05ca11000

Marking Bits: (CMBitMap*) 0x00007bc05c072960
 Bits: [0x00007bc0422a0000, 0x00007bc044400000)

Polling page: 0x00007bc06303c000

Metaspace:
Metaspace        used 12219K, committed 12544K, reserved 1114112K
 class space     used 929K, committed 1088K, reserved 1048576K

Usage:
  Non-class:     11.02 MB used.
      Class:    929.93 KB used.
       Both:     11.93 MB used.

Virtual space:
  Non-class space:       64.00 MB reserved,      11.19 MB ( 17%) committed,  1 nodes.
      Class space:        1.00 GB reserved,       1.06 MB ( <1%) committed,  1 nodes.
             Both:        1.06 GB reserved,      12.25 MB (  1%) committed. 

Chunk freelists:
   Non-Class:  4.13 MB
       Class:  14.91 MB
        Both:  19.04 MB

MaxMetaspaceSize: unlimited
CompressedClassSpaceSize: 1.00 GB
Initial GC threshold: 21.00 MB
Current GC threshold: 21.00 MB
CDS: on
 - commit_granule_bytes: 65536.
 - commit_granule_words: 8192.
 - virtual_space_node_default_size: 8388608.
 - enlarge_chunks_in_place: 1.
UseCompressedClassPointers 1, UseCompactObjectHeaders 0
Narrow klass pointer bits 32, Max shift 3
Narrow klass base: 0x0000000096000000, Narrow klass shift: 0
Encoding Range: [0x0000000096000000 - 0x0000000196000000), (4294967296 bytes)
Klass Range:    [0x0000000096001000 - 0x00000000d7000000), (1090514944 bytes)
Klass ID Range:  [4096 - 1090519033) (1090514937)
Protection zone: [0x0000000096000000 - 0x0000000096001000), (4096 bytes)


Internal statistics:

num_allocs_failed_limit: 0.
num_arena_births: 242.
num_arena_deaths: 0.
num_vsnodes_births: 2.
num_vsnodes_deaths: 0.
num_space_committed: 191.
num_space_uncommitted: 0.
num_chunks_returned_to_freelist: 0.
num_chunks_taken_from_freelist: 585.
num_chunk_merges: 0.
num_chunk_splits: 385.
num_chunks_enlarged: 276.
num_inconsistent_stats: 0.

CodeHeap 'non-profiled nmethods': size=120036Kb used=477Kb max_used=477Kb free=119558Kb
 bounds [0x00007bc04bec7000, 0x00007bc04c137000, 0x00007bc053400000]
CodeHeap 'profiled nmethods': size=120028Kb used=2807Kb max_used=2807Kb free=117220Kb
 bounds [0x00007bc044400000, 0x00007bc0446c0000, 0x00007bc04b937000]
CodeHeap 'non-nmethods': size=5696Kb used=1462Kb max_used=1473Kb free=4233Kb
 bounds [0x00007bc04b937000, 0x00007bc04bba7000, 0x00007bc04bec7000]
CodeCache: size=245760Kb, used=4746Kb, max_used=4757Kb, free=241011Kb
 total_blobs=2324, nmethods=1796, adapters=431, full_count=0
Compilation: enabled, stopped_count=0, restarted_count=0

Compilation events (20 events):
Event: 0.698 Thread 0x00007bc05c0d8660 nmethod 1760 0x00007bc04469bc08 code [0x00007bc04469bd00, 0x00007bc04469bf38]
Event: 0.699 Thread 0x00007bc05c0d8660 1763       3       java.lang.invoke.LambdaForm$NamedFunction::member (26 bytes)
Event: 0.699 Thread 0x00007bc05c0d8660 nmethod 1763 0x00007bc04469bf88 code [0x00007bc04469c080, 0x00007bc04469c198]
Event: 0.699 Thread 0x00007bc05c0d8660 1764       3       java.lang.invoke.InvokerBytecodeGenerator::isStaticallyInvocable (168 bytes)
Event: 0.700 Thread 0x00007bc05c0d8660 nmethod 1764 0x00007bc04469c288 code [0x00007bc04469c380, 0x00007bc04469dda8]
Event: 0.700 Thread 0x00007bc05c0d8660 1765       3       java.lang.invoke.MemberName::isPrivate (8 bytes)
Event: 0.700 Thread 0x00007bc05c0d8660 nmethod 1765 0x00007bc04469de08 code [0x00007bc04469df00, 0x00007bc04469e0b0]
Event: 0.700 Thread 0x00007bc05c0d8660 1766       3       java.lang.invoke.InvokerBytecodeGenerator::emitStaticInvoke (260 bytes)
Event: 0.700 Thread 0x00007bc05c0d8660 nmethod 1766 0x00007bc04469e108 code [0x00007bc04469e200, 0x00007bc04469f5c0]
Event: 0.700 Thread 0x00007bc05c0d8660 1768       3       java.util.List::of (4 bytes)
Event: 0.700 Thread 0x00007bc05c0d8660 nmethod 1768 0x00007bc04469f608 code [0x00007bc04469f700, 0x00007bc04469f7e8]
Event: 0.700 Thread 0x00007bc05c0d8660 1767       3       java.lang.invoke.InvokerBytecodeGenerator::refKindOpcode (112 bytes)
Event: 0.701 Thread 0x00007bc05c0d8660 nmethod 1767 0x00007bc04469f908 code [0x00007bc04469fa00, 0x00007bc0446a0430]
Event: 0.701 Thread 0x00007bc05c0d8660 1769       3       java.lang.invoke.MemberName::equals (69 bytes)
Event: 0.701 Thread 0x00007bc05c0d8660 nmethod 1769 0x00007bc0446a0488 code [0x00007bc0446a0580, 0x00007bc0446a1508]
Event: 0.701 Thread 0x00007bc00471ed70 1771       4       java.lang.invoke.MethodTypeForm::canonicalize (74 bytes)
Event: 0.702 Thread 0x00007bc00471ed70 nmethod 1771 0x00007bc04bf3c588 code [0x00007bc04bf3c680, 0x00007bc04bf3c750]
Event: 0.703 Thread 0x00007bc05c0d8660 1772       3       jdk.internal.classfile.impl.StackMapGenerator::processBlock (2767 bytes)
Event: 0.703 Thread 0x00007bc00471ed70 1775       4       jdk.internal.classfile.impl.RawBytecodeHelper::getU1Unchecked (13 bytes)
Event: 0.703 Thread 0x00007bc00471ed70 nmethod 1775 0x00007bc04bf3c888 code [0x00007bc04bf3c980, 0x00007bc04bf3ca50]

GC Heap Usage History (2 events):
Event: 0.587 {heap Before GC invocations=0 (full 0):
 garbage-first heap   total reserved 2187264K, committed 139264K, used 29827K [0x000000077a800000, 0x0000000800000000)
  region size 2048K, 14 young (28672K), 0 survivors (0K)
}
Event: 0.592 {heap After GC invocations=1 (full 0):
 garbage-first heap   total reserved 2187264K, committed 139264K, used 4441K [0x000000077a800000, 0x0000000800000000)
  region size 2048K, 2 young (4096K), 2 survivors (4096K)
}

Metaspace Usage History (2 events):
Event: 0.587 {metaspace Before GC invocations=0 (full 0):
 Metaspace       used 7295K, committed 7552K, reserved 1114112K
  class space    used 754K, committed 896K, reserved 1048576K
}
Event: 0.592 {metaspace After GC invocations=1 (full 0):
 Metaspace       used 7295K, committed 7552K, reserved 1114112K
  class space    used 754K, committed 896K, reserved 1048576K
}

Dll operation events (10 events):
Event: 0.001 Loaded shared library /home/servadmin/.sdkman/candidates/java/25-zulu/lib/libjava.so
Event: 0.025 Loaded shared library /home/servadmin/.sdkman/candidates/java/25-zulu/lib/libsimdsort.so
Event: 0.038 Loaded shared library /home/servadmin/.sdkman/candidates/java/25-zulu/lib/libnio.so
Event: 0.040 Loaded shared library /home/servadmin/.sdkman/candidates/java/25-zulu/lib/libzip.so
Event: 0.069 Loaded shared library /home/servadmin/.sdkman/candidates/java/25-zulu/lib/libmanagement.so
Event: 0.071 Loaded shared library /home/servadmin/.sdkman/candidates/java/25-zulu/lib/libmanagement_ext.so
Event: 0.088 Loaded shared library /home/servadmin/.sdkman/candidates/java/25-zulu/lib/libjimage.so
Event: 0.514 Loaded shared library /home/servadmin/.sdkman/candidates/java/25-zulu/lib/libnet.so
Event: 0.564 Loaded shared library /tmp/u8g2-native-11799964348063004503/libu8g2.so
Event: 0.684 Loaded shared library /home/servadmin/.sdkman/candidates/java/25-zulu/lib/libsyslookup.so

Deoptimization events (20 events):
Event: 0.628 Thread 0x00007bc05c02b2d0 DEOPT PACKING pc=0x00007bc04bf28704 sp=0x00007bc0615104c0
Event: 0.628 Thread 0x00007bc05c02b2d0 DEOPT UNPACKING pc=0x00007bc04b9c51f9 sp=0x00007bc061510470 mode 2
Event: 0.628 Thread 0x00007bc05c02b2d0 Uncommon trap: trap_request=0xffffffd6 fr.pc=0x00007bc04bf28704 relative=0x0000000000000204
Event: 0.628 Thread 0x00007bc05c02b2d0 Uncommon trap: reason=array_check action=maybe_recompile pc=0x00007bc04bf28704 method=java.util.Arrays.fill([Ljava/lang/Object;Ljava/lang/Object;)V @ 13 c2
Event: 0.628 Thread 0x00007bc05c02b2d0 DEOPT PACKING pc=0x00007bc04bf28704 sp=0x00007bc061510230
Event: 0.628 Thread 0x00007bc05c02b2d0 DEOPT UNPACKING pc=0x00007bc04b9c51f9 sp=0x00007bc0615101e0 mode 2
Event: 0.628 Thread 0x00007bc05c02b2d0 Uncommon trap: trap_request=0xffffffd6 fr.pc=0x00007bc04bf28704 relative=0x0000000000000204
Event: 0.628 Thread 0x00007bc05c02b2d0 Uncommon trap: reason=array_check action=maybe_recompile pc=0x00007bc04bf28704 method=java.util.Arrays.fill([Ljava/lang/Object;Ljava/lang/Object;)V @ 13 c2
Event: 0.628 Thread 0x00007bc05c02b2d0 DEOPT PACKING pc=0x00007bc04bf28704 sp=0x00007bc0615103a0
Event: 0.628 Thread 0x00007bc05c02b2d0 DEOPT UNPACKING pc=0x00007bc04b9c51f9 sp=0x00007bc061510350 mode 2
Event: 0.628 Thread 0x00007bc05c02b2d0 Uncommon trap: trap_request=0xffffffd6 fr.pc=0x00007bc04bf28704 relative=0x0000000000000204
Event: 0.628 Thread 0x00007bc05c02b2d0 Uncommon trap: reason=array_check action=maybe_recompile pc=0x00007bc04bf28704 method=java.util.Arrays.fill([Ljava/lang/Object;Ljava/lang/Object;)V @ 13 c2
Event: 0.628 Thread 0x00007bc05c02b2d0 DEOPT PACKING pc=0x00007bc04bf28704 sp=0x00007bc061510110
Event: 0.628 Thread 0x00007bc05c02b2d0 DEOPT UNPACKING pc=0x00007bc04b9c51f9 sp=0x00007bc0615100c0 mode 2
Event: 0.666 Thread 0x00007bc05c02b2d0 DEOPT PACKING pc=0x00007bc04455795c sp=0x00007bc061510f50
Event: 0.666 Thread 0x00007bc05c02b2d0 DEOPT UNPACKING pc=0x00007bc04b987fef sp=0x00007bc061510468 mode 0
Event: 0.703 Thread 0x00007bc05c02b2d0 Uncommon trap: trap_request=0xffffff45 fr.pc=0x00007bc04bf33ba8 relative=0x00000000000008a8
Event: 0.703 Thread 0x00007bc05c02b2d0 Uncommon trap: reason=unstable_if action=reinterpret pc=0x00007bc04bf33ba8 method=jdk.internal.classfile.impl.StackMapGenerator.processBlock(Ljdk/internal/classfile/impl/RawBytecodeHelper;)Z @ 2745 c2
Event: 0.703 Thread 0x00007bc05c02b2d0 DEOPT PACKING pc=0x00007bc04bf33ba8 sp=0x00007bc061511690
Event: 0.703 Thread 0x00007bc05c02b2d0 DEOPT UNPACKING pc=0x00007bc04b9c51f9 sp=0x00007bc061511620 mode 2

Classes loaded (20 events):
Event: 0.702 Loading class java/lang/classfile/instruction/LoadInstruction
Event: 0.702 Loading class java/lang/classfile/Instruction
Event: 0.702 Loading class java/lang/classfile/Instruction done
Event: 0.702 Loading class java/lang/classfile/instruction/LoadInstruction done
Event: 0.702 Loading class jdk/internal/classfile/impl/AbstractInstruction$UnboundLoadInstruction
Event: 0.702 Loading class jdk/internal/classfile/impl/AbstractInstruction$UnboundInstruction
Event: 0.702 Loading class jdk/internal/classfile/impl/AbstractInstruction
Event: 0.702 Loading class jdk/internal/classfile/impl/AbstractInstruction done
Event: 0.702 Loading class jdk/internal/classfile/impl/AbstractInstruction$UnboundInstruction done
Event: 0.702 Loading class jdk/internal/classfile/impl/AbstractInstruction$UnboundLoadInstruction done
Event: 0.702 Loading class java/lang/classfile/instruction/InvokeInstruction
Event: 0.702 Loading class java/lang/classfile/instruction/InvokeInstruction done
Event: 0.702 Loading class jdk/internal/classfile/impl/AbstractInstruction$UnboundInvokeInstruction
Event: 0.702 Loading class jdk/internal/classfile/impl/AbstractInstruction$UnboundInvokeInstruction done
Event: 0.703 Loading class jdk/internal/classfile/impl/SplitConstantPool$1
Event: 0.703 Loading class jdk/internal/classfile/impl/SplitConstantPool$1 done
Event: 0.703 Loading class jdk/internal/classfile/impl/AbstractAttributeMapper$BootstrapMethodsMapper
Event: 0.703 Loading class jdk/internal/classfile/impl/AbstractAttributeMapper$BootstrapMethodsMapper done
Event: 0.706 Loading class java/lang/invoke/ConstantBootstraps
Event: 0.706 Loading class java/lang/invoke/ConstantBootstraps done

Classes unloaded (0 events):
No events

Classes redefined (0 events):
No events

Internal exceptions (20 events):
Event: 0.634 Thread 0x00007bc05c02b2d0 Exception <a 'java/lang/NoSuchMethodError'{0x000000078296aab0}: 'long java.lang.invoke.DelegatingMethodHandle$Holder.reinvoke_L(java.lang.Object, long, long, long, long)'> (0x000000078296aab0) 
thrown [src/hotspot/share/interpreter/linkResolver.cpp, line 803]
Event: 0.636 Thread 0x00007bc05c02b2d0 Exception <a 'java/lang/NoSuchMethodError'{0x0000000782983050}: 'java.lang.Object java.lang.invoke.DirectMethodHandle$Holder.invokeStatic(java.lang.Object, java.lang.Object, java.lang.Object, java.lang.Object, long)'> (0x0000000782983050) 
thrown [src/hotspot/share/interpreter/linkResolver.cpp, line 803]
Event: 0.651 Thread 0x00007bc05c02b2d0 Exception <a 'java/lang/NoSuchMethodError'{0x00000007829bc260}: 'long java.lang.invoke.DelegatingMethodHandle$Holder.reinvoke_L(java.lang.Object, long, long)'> (0x00000007829bc260) 
thrown [src/hotspot/share/interpreter/linkResolver.cpp, line 803]
Event: 0.652 Thread 0x00007bc05c02b2d0 Exception <a 'java/lang/NoSuchMethodError'{0x00000007829dbfa8}: 'java.lang.Object java.lang.invoke.DirectMethodHandle$Holder.invokeStatic(java.lang.Object, java.lang.Object, java.lang.Object, java.lang.Object, java.lang.Object, long)'> (0x00000007829dbfa8) 
thrown [src/hotspot/share/interpreter/linkResolver.cpp, line 803]
Event: 0.656 Thread 0x00007bc05c02b2d0 Exception <a 'java/lang/NoSuchMethodError'{0x000000078261d210}: 'java.lang.Object java.lang.invoke.DirectMethodHandle$Holder.invokeStatic(java.lang.Object, java.lang.Object, java.lang.Object, long)'> (0x000000078261d210) 
thrown [src/hotspot/share/interpreter/linkResolver.cpp, line 803]
Event: 0.656 Thread 0x00007bc05c02b2d0 Exception <a 'java/lang/NoSuchMethodError'{0x0000000782635118}: 'java.lang.Object java.lang.invoke.DirectMethodHandle$Holder.invokeStatic(java.lang.Object, java.lang.Object, java.lang.Object, long, java.lang.Object)'> (0x0000000782635118) 
thrown [src/hotspot/share/interpreter/linkResolver.cpp, line 803]
Event: 0.664 Thread 0x00007bc05c02b2d0 Exception <a 'java/lang/NoSuchMethodError'{0x000000078267efc8}: 'void java.lang.invoke.DelegatingMethodHandle$Holder.delegate(java.lang.Object, java.lang.Object, int, java.lang.Object)'> (0x000000078267efc8) 
thrown [src/hotspot/share/interpreter/linkResolver.cpp, line 803]
Event: 0.667 Thread 0x00007bc05c02b2d0 Exception <a 'java/lang/NoSuchMethodError'{0x00000007826b27a0}: 'java.lang.Object java.lang.invoke.DirectMethodHandle$Holder.newInvokeSpecial(java.lang.Object, int, java.lang.Object)'> (0x00000007826b27a0) 
thrown [src/hotspot/share/interpreter/linkResolver.cpp, line 803]
Event: 0.688 Thread 0x00007bc05c02b2d0 Exception <a 'java/lang/IncompatibleClassChangeError'{0x000000078274cf78}: Found class java.lang.Object, but interface was expected> (0x000000078274cf78) 
thrown [src/hotspot/share/interpreter/linkResolver.cpp, line 871]
Event: 0.693 Thread 0x00007bc05c02b2d0 Exception <a 'java/lang/IncompatibleClassChangeError'{0x000000078279a210}: Found class java.lang.Object, but interface was expected> (0x000000078279a210) 
thrown [src/hotspot/share/interpreter/linkResolver.cpp, line 871]
Event: 0.694 Thread 0x00007bc05c02b2d0 Exception <a 'java/lang/NoSuchMethodError'{0x00000007827d5cf0}: 'java.lang.Object java.lang.invoke.DirectMethodHandle$Holder.invokeVirtual(java.lang.Object, java.lang.Object, java.lang.Object, java.lang.Object, java.lang.Object)'> (0x00000007827d5cf0) 
thrown [src/hotspot/share/interpreter/linkResolver.cpp, line 803]
Event: 0.697 Thread 0x00007bc05c02b2d0 Exception <a 'java/lang/NoSuchMethodError'{0x000000078244be40}: 'void java.lang.invoke.DirectMethodHandle$Holder.invokeStatic(java.lang.Object, long)'> (0x000000078244be40) 
thrown [src/hotspot/share/interpreter/linkResolver.cpp, line 803]
Event: 0.698 Thread 0x00007bc05c02b2d0 Exception <a 'java/lang/NoSuchMethodError'{0x000000078245b260}: 'java.lang.Object java.lang.invoke.DirectMethodHandle$Holder.newInvokeSpecial(java.lang.Object, long)'> (0x000000078245b260) 
thrown [src/hotspot/share/interpreter/linkResolver.cpp, line 803]
Event: 0.699 Thread 0x00007bc05c02b2d0 Exception <a 'java/lang/NoSuchMethodError'{0x000000078246e5c0}: 'void java.lang.invoke.DirectMethodHandle$Holder.invokeStatic(java.lang.Object, java.lang.Object, java.lang.Object, java.lang.Object, java.lang.Object, java.lang.Object)'> (0x000000078246e5c0) 
thrown [src/hotspot/share/interpreter/linkResolver.cpp, line 803]
Event: 0.700 Thread 0x00007bc05c02b2d0 Exception <a 'java/lang/IncompatibleClassChangeError'{0x00000007824a1a08}: Found class java.lang.Object, but interface was expected> (0x00000007824a1a08) 
thrown [src/hotspot/share/interpreter/linkResolver.cpp, line 871]
Event: 0.701 Thread 0x00007bc05c02b2d0 Exception <a 'java/lang/NoSuchMethodError'{0x00000007824ab558}: 'void java.lang.invoke.DirectMethodHandle$Holder.invokeStatic(java.lang.Object, int, java.lang.Object)'> (0x00000007824ab558) 
thrown [src/hotspot/share/interpreter/linkResolver.cpp, line 803]
Event: 0.704 Thread 0x00007bc05c02b2d0 Exception <a 'java/lang/NoSuchMethodError'{0x00000007824ca210}: 'void java.lang.invoke.DirectMethodHandle$Holder.invokeStaticInit(java.lang.Object, java.lang.Object, java.lang.Object, java.lang.Object, java.lang.Object, java.lang.Object, java.lang.Object)'> (0x00000007824ca210) 
thrown [src/hotspot/share/interpreter/linkResolver.cpp, line 803]
Event: 0.704 Thread 0x00007bc05c02b2d0 Exception <a 'java/lang/NoSuchMethodError'{0x00000007824dabf0}: 'void java.lang.invoke.DelegatingMethodHandle$Holder.reinvoke_L(java.lang.Object, java.lang.Object, java.lang.Object, java.lang.Object, java.lang.Object, java.lang.Object, java.lang.Object)'> (0x00000007824dabf0) 
thrown [src/hotspot/share/interpreter/linkResolver.cpp, line 803]
Event: 0.705 Thread 0x00007bc05c02b2d0 Exception <a 'java/lang/NoSuchMethodError'{0x0000000782507468}: 'void java.lang.invoke.Invokers$Holder.invokeExact_MT(java.lang.Object, java.lang.Object, java.lang.Object, java.lang.Object, java.lang.Object, java.lang.Object)'> (0x0000000782507468) 
thrown [src/hotspot/share/interpreter/linkResolver.cpp, line 803]
Event: 0.706 Thread 0x00007bc05c02b2d0 Exception <a 'java/lang/NoSuchMethodError'{0x0000000782510408}: 'java.lang.Object java.lang.invoke.Invokers$Holder.invoke_MT(java.lang.Object, java.lang.Object, java.lang.Object, java.lang.Object, java.lang.Object)'> (0x0000000782510408) 
thrown [src/hotspot/share/interpreter/linkResolver.cpp, line 803]

VM Operations (20 events):
Event: 0.369 Executing non-safepoint VM operation: HandshakeAllThreads (Deoptimize)
Event: 0.369 Executing non-safepoint VM operation: HandshakeAllThreads (Deoptimize) done
Event: 0.438 Executing non-safepoint VM operation: HandshakeAllThreads (Deoptimize)
Event: 0.438 Executing non-safepoint VM operation: HandshakeAllThreads (Deoptimize) done
Event: 0.466 Executing non-safepoint VM operation: HandshakeAllThreads (Deoptimize)
Event: 0.466 Executing non-safepoint VM operation: HandshakeAllThreads (Deoptimize) done
Event: 0.484 Executing non-safepoint VM operation: HandshakeAllThreads (Deoptimize)
Event: 0.484 Executing non-safepoint VM operation: HandshakeAllThreads (Deoptimize) done
Event: 0.585 Executing non-safepoint VM operation: HandshakeAllThreads (Deoptimize)
Event: 0.585 Executing non-safepoint VM operation: HandshakeAllThreads (Deoptimize) done
Event: 0.587 Executing safepoint VM operation: G1CollectForAllocation (G1 Evacuation Pause)
Event: 0.592 Executing safepoint VM operation: G1CollectForAllocation (G1 Evacuation Pause) done
Event: 0.665 Executing non-safepoint VM operation: HandshakeAllThreads (Deoptimize)
Event: 0.665 Executing non-safepoint VM operation: HandshakeAllThreads (Deoptimize) done
Event: 0.667 Executing non-safepoint VM operation: HandshakeAllThreads (Deoptimize)
Event: 0.667 Executing non-safepoint VM operation: HandshakeAllThreads (Deoptimize) done
Event: 0.687 Executing non-safepoint VM operation: HandshakeAllThreads (Deoptimize)
Event: 0.687 Executing non-safepoint VM operation: HandshakeAllThreads (Deoptimize) done
Event: 0.702 Executing non-safepoint VM operation: HandshakeAllThreads (Deoptimize)
Event: 0.702 Executing non-safepoint VM operation: HandshakeAllThreads (Deoptimize) done

Memory protections (14 events):
Event: 0.001 Protecting memory [0x00007bc061417000,0x00007bc06141b000] with protection modes 0
Event: 0.016 Protecting memory [0x0000000096000000,0x0000000096001000] with protection modes 0
Event: 0.022 Protecting memory [0x00007bc033500000,0x00007bc033504000] with protection modes 0
Event: 0.024 Protecting memory [0x00007bc033400000,0x00007bc033404000] with protection modes 0
Event: 0.024 Protecting memory [0x00007bc033300000,0x00007bc033304000] with protection modes 0
Event: 0.024 Protecting memory [0x00007bc033200000,0x00007bc033204000] with protection modes 0
Event: 0.024 Protecting memory [0x00007bc033100000,0x00007bc033104000] with protection modes 0
Event: 0.024 Protecting memory [0x00007bc033000000,0x00007bc033004000] with protection modes 0
Event: 0.025 Protecting memory [0x00007bc032f00000,0x00007bc032f04000] with protection modes 0
Event: 0.036 Protecting memory [0x00007bc032e00000,0x00007bc032e04000] with protection modes 0
Event: 0.037 Protecting memory [0x00007bc032d00000,0x00007bc032d04000] with protection modes 0
Event: 0.107 Protecting memory [0x00007bc032c00000,0x00007bc032c04000] with protection modes 0
Event: 0.115 Protecting memory [0x00007bc032b00000,0x00007bc032b04000] with protection modes 0
Event: 0.467 Protecting memory [0x00007bc032a00000,0x00007bc032a04000] with protection modes 0

Nmethod flushes (0 events):
No events

Events (13 events):
Event: 0.017 Thread 0x00007bc05c02b2d0 Thread added: 0x00007bc05c02b2d0
Event: 0.022 Thread 0x00007bc05c02b2d0 Thread added: 0x00007bc05c0ce940
Event: 0.024 Thread 0x00007bc05c02b2d0 Thread added: 0x00007bc05c0d0170
Event: 0.024 Thread 0x00007bc05c02b2d0 Thread added: 0x00007bc05c0d1cd0
Event: 0.024 Thread 0x00007bc05c02b2d0 Thread added: 0x00007bc05c0d35f0
Event: 0.024 Thread 0x00007bc05c02b2d0 Thread added: 0x00007bc05c0d4e70
Event: 0.024 Thread 0x00007bc05c02b2d0 Thread added: 0x00007bc05c0d6c70
Event: 0.024 Thread 0x00007bc05c02b2d0 Thread added: 0x00007bc05c0d8660
Event: 0.036 Thread 0x00007bc05c02b2d0 Thread added: 0x00007bc05c139e40
Event: 0.037 Thread 0x00007bc05c02b2d0 Thread added: 0x00007bc05c13c490
Event: 0.107 Thread 0x00007bc05c02b2d0 Thread added: 0x00007bc05c23fee0
Event: 0.115 Thread 0x00007bc05c02b2d0 Thread added: 0x00007bc05c24c050
Event: 0.467 Thread 0x00007bc05c0d8660 Thread added: 0x00007bc00471ed70


Dynamic libraries:
96000000-96001000 ---p 00000000 00:00 0 
96001000-96d8c000 rw-p 00001000 08:02 2529221                            /home/servadmin/.sdkman/candidates/java/25-zulu/lib/server/classes.jsa
96d8c000-97000000 ---p 00000000 00:00 0 
97000000-97040000 rw-p 00000000 00:00 0 
97040000-970f0000 rw-p 00000000 00:00 0 
970f0000-97100000 ---p 00000000 00:00 0 
97100000-97120000 rw-p 00000000 00:00 0 
97120000-d7000000 ---p 00000000 00:00 0 
77a800000-782e00000 rw-p 00000000 00:00 0 
782e00000-7ffe00000 ---p 00000000 00:00 0 
7ffe00000-7fff21000 rw-p 00dbf000 08:02 2529221                          /home/servadmin/.sdkman/candidates/java/25-zulu/lib/server/classes.jsa
7fff21000-800000000 rw-p 00000000 00:00 0 
5faf02337000-5faf02338000 r-xp 00000000 08:02 2623790                    /home/servadmin/.sdkman/candidates/java/25-zulu/bin/java
5faf02339000-5faf0233a000 r--p 00001000 08:02 2623790                    /home/servadmin/.sdkman/candidates/java/25-zulu/bin/java
5faf0233a000-5faf0233b000 rw-p 00002000 08:02 2623790                    /home/servadmin/.sdkman/candidates/java/25-zulu/bin/java
5faf3f9c0000-5faf3fa09000 rw-p 00000000 00:00 0                          [heap]
7bbfe0000000-7bbfe0021000 rw-p 00000000 00:00 0 
7bbfe0021000-7bbfe4000000 ---p 00000000 00:00 0 
7bbfe4000000-7bbfe4021000 rw-p 00000000 00:00 0 
7bbfe4021000-7bbfe8000000 ---p 00000000 00:00 0 
7bbfe8000000-7bbfe80fe000 rw-p 00000000 00:00 0 
7bbfe80fe000-7bbfec000000 ---p 00000000 00:00 0 
7bbfec000000-7bbfec021000 rw-p 00000000 00:00 0 
7bbfec021000-7bbff0000000 ---p 00000000 00:00 0 
7bbff0000000-7bbff0021000 rw-p 00000000 00:00 0 
7bbff0021000-7bbff4000000 ---p 00000000 00:00 0 
7bbff4000000-7bbff4021000 rw-p 00000000 00:00 0 
7bbff4021000-7bbff8000000 ---p 00000000 00:00 0 
7bbff8000000-7bbff8021000 rw-p 00000000 00:00 0 
7bbff8021000-7bbffc000000 ---p 00000000 00:00 0 
7bbffc000000-7bbffc021000 rw-p 00000000 00:00 0 
7bbffc021000-7bc000000000 ---p 00000000 00:00 0 
7bc000000000-7bc0004af000 rw-p 00000000 00:00 0 
7bc0004af000-7bc004000000 ---p 00000000 00:00 0 
7bc004000000-7bc0047cd000 rw-p 00000000 00:00 0 
7bc0047cd000-7bc008000000 ---p 00000000 00:00 0 
7bc008000000-7bc008021000 rw-p 00000000 00:00 0 
7bc008021000-7bc00c000000 ---p 00000000 00:00 0 
7bc00c000000-7bc00c021000 rw-p 00000000 00:00 0 
7bc00c021000-7bc010000000 ---p 00000000 00:00 0 
7bc010000000-7bc010021000 rw-p 00000000 00:00 0 
7bc010021000-7bc014000000 ---p 00000000 00:00 0 
7bc014000000-7bc014021000 rw-p 00000000 00:00 0 
7bc014021000-7bc018000000 ---p 00000000 00:00 0 
7bc018000000-7bc018400000 rw-p 00000000 00:00 0 
7bc018400000-7bc0189c0000 rw-p 00000000 00:00 0 
7bc0189c0000-7bc018ae0000 rw-p 00000000 00:00 0 
7bc018ae0000-7bc018b00000 ---p 00000000 00:00 0 
7bc018b00000-7bc018b50000 rw-p 00000000 00:00 0 
7bc018b50000-7bc01c000000 ---p 00000000 00:00 0 
7bc01c000000-7bc01c021000 rw-p 00000000 00:00 0 
7bc01c021000-7bc020000000 ---p 00000000 00:00 0 
7bc020000000-7bc020021000 rw-p 00000000 00:00 0 
7bc020021000-7bc024000000 ---p 00000000 00:00 0 
7bc024000000-7bc024021000 rw-p 00000000 00:00 0 
7bc024021000-7bc028000000 ---p 00000000 00:00 0 
7bc028000000-7bc028021000 rw-p 00000000 00:00 0 
7bc028021000-7bc02c000000 ---p 00000000 00:00 0 
7bc02c000000-7bc02c021000 rw-p 00000000 00:00 0 
7bc02c021000-7bc030000000 ---p 00000000 00:00 0 
7bc030b59000-7bc030b5a000 ---p 00000000 00:00 0 
7bc030b5a000-7bc030c5a000 rw-p 00000000 00:00 0 
7bc030c5a000-7bc030c5b000 ---p 00000000 00:00 0 
7bc030c5b000-7bc030d5b000 rw-p 00000000 00:00 0 
7bc030d5b000-7bc030d5c000 ---p 00000000 00:00 0 
7bc030d5c000-7bc030e5c000 rw-p 00000000 00:00 0 
7bc030e5c000-7bc030e5e000 r--p 00000000 08:02 4075043                    /usr/lib/x86_64-linux-gnu/libmd.so.0.1.0
7bc030e5e000-7bc030e67000 r-xp 00002000 08:02 4075043                    /usr/lib/x86_64-linux-gnu/libmd.so.0.1.0
7bc030e67000-7bc030e69000 r--p 0000b000 08:02 4075043                    /usr/lib/x86_64-linux-gnu/libmd.so.0.1.0
7bc030e69000-7bc030e6a000 r--p 0000c000 08:02 4075043                    /usr/lib/x86_64-linux-gnu/libmd.so.0.1.0
7bc030e6a000-7bc030e6b000 rw-p 0000d000 08:02 4075043                    /usr/lib/x86_64-linux-gnu/libmd.so.0.1.0
7bc030e6b000-7bc030e6f000 r--p 00000000 08:02 4074904                    /usr/lib/x86_64-linux-gnu/libgpg-error.so.0.34.0
7bc030e6f000-7bc030e85000 r-xp 00004000 08:02 4074904                    /usr/lib/x86_64-linux-gnu/libgpg-error.so.0.34.0
7bc030e85000-7bc030e8e000 r--p 0001a000 08:02 4074904                    /usr/lib/x86_64-linux-gnu/libgpg-error.so.0.34.0
7bc030e8e000-7bc030e8f000 r--p 00023000 08:02 4074904                    /usr/lib/x86_64-linux-gnu/libgpg-error.so.0.34.0
7bc030e8f000-7bc030e90000 rw-p 00024000 08:02 4074904                    /usr/lib/x86_64-linux-gnu/libgpg-error.so.0.34.0
7bc030e90000-7bc030e94000 r--p 00000000 08:02 4074723                    /usr/lib/x86_64-linux-gnu/libbsd.so.0.12.1
7bc030e94000-7bc030ea0000 r-xp 00004000 08:02 4074723                    /usr/lib/x86_64-linux-gnu/libbsd.so.0.12.1
7bc030ea0000-7bc030ea3000 r--p 00010000 08:02 4074723                    /usr/lib/x86_64-linux-gnu/libbsd.so.0.12.1
7bc030ea3000-7bc030ea4000 r--p 00012000 08:02 4074723                    /usr/lib/x86_64-linux-gnu/libbsd.so.0.12.1
7bc030ea4000-7bc030ea5000 rw-p 00013000 08:02 4074723                    /usr/lib/x86_64-linux-gnu/libbsd.so.0.12.1
7bc030ea5000-7bc030ea6000 rw-p 00000000 00:00 0 
7bc030ea6000-7bc030eaa000 r--p 00000000 08:02 4075387                    /usr/lib/x86_64-linux-gnu/libzstd.so.1.5.5
7bc030eaa000-7bc030f51000 r-xp 00004000 08:02 4075387                    /usr/lib/x86_64-linux-gnu/libzstd.so.1.5.5
7bc030f51000-7bc030f5e000 r--p 000ab000 08:02 4075387                    /usr/lib/x86_64-linux-gnu/libzstd.so.1.5.5
7bc030f5e000-7bc030f5f000 r--p 000b7000 08:02 4075387                    /usr/lib/x86_64-linux-gnu/libzstd.so.1.5.5
7bc030f5f000-7bc030f60000 rw-p 000b8000 08:02 4075387                    /usr/lib/x86_64-linux-gnu/libzstd.so.1.5.5
7bc030f60000-7bc030f63000 r--p 00000000 08:02 4075029                    /usr/lib/x86_64-linux-gnu/liblzma.so.5.4.5
7bc030f63000-7bc030f85000 r-xp 00003000 08:02 4075029                    /usr/lib/x86_64-linux-gnu/liblzma.so.5.4.5
7bc030f85000-7bc030f90000 r--p 00025000 08:02 4075029                    /usr/lib/x86_64-linux-gnu/liblzma.so.5.4.5
7bc030f90000-7bc030f91000 r--p 00030000 08:02 4075029                    /usr/lib/x86_64-linux-gnu/liblzma.so.5.4.5
7bc030f91000-7bc030f92000 rw-p 00031000 08:02 4075029                    /usr/lib/x86_64-linux-gnu/liblzma.so.5.4.5
7bc030f92000-7bc030f95000 r--p 00000000 08:02 4075028                    /usr/lib/x86_64-linux-gnu/liblz4.so.1.9.4
7bc030f95000-7bc030fb0000 r-xp 00003000 08:02 4075028                    /usr/lib/x86_64-linux-gnu/liblz4.so.1.9.4
7bc030fb0000-7bc030fb2000 r--p 0001e000 08:02 4075028                    /usr/lib/x86_64-linux-gnu/liblz4.so.1.9.4
7bc030fb2000-7bc030fb3000 r--p 00020000 08:02 4075028                    /usr/lib/x86_64-linux-gnu/liblz4.so.1.9.4
7bc030fb3000-7bc030fb4000 rw-p 00021000 08:02 4075028                    /usr/lib/x86_64-linux-gnu/liblz4.so.1.9.4
7bc030fb4000-7bc030fc3000 r--p 00000000 08:02 4074866                    /usr/lib/x86_64-linux-gnu/libgcrypt.so.20.4.3
7bc030fc3000-7bc0310b7000 r-xp 0000f000 08:02 4074866                    /usr/lib/x86_64-linux-gnu/libgcrypt.so.20.4.3
7bc0310b7000-7bc0310f2000 r--p 00103000 08:02 4074866                    /usr/lib/x86_64-linux-gnu/libgcrypt.so.20.4.3
7bc0310f2000-7bc0310f7000 r--p 0013e000 08:02 4074866                    /usr/lib/x86_64-linux-gnu/libgcrypt.so.20.4.3
7bc0310f7000-7bc0310fb000 rw-p 00143000 08:02 4074866                    /usr/lib/x86_64-linux-gnu/libgcrypt.so.20.4.3
7bc0310fb000-7bc0310fc000 rw-p 00000000 00:00 0 
7bc0310fc000-7bc0310ff000 r--p 00000000 08:02 4074738                    /usr/lib/x86_64-linux-gnu/libcap.so.2.66
7bc0310ff000-7bc031105000 r-xp 00003000 08:02 4074738                    /usr/lib/x86_64-linux-gnu/libcap.so.2.66
7bc031105000-7bc031107000 r--p 00009000 08:02 4074738                    /usr/lib/x86_64-linux-gnu/libcap.so.2.66
7bc031107000-7bc031108000 r--p 0000b000 08:02 4074738                    /usr/lib/x86_64-linux-gnu/libcap.so.2.66
7bc031108000-7bc031109000 rw-p 0000c000 08:02 4074738                    /usr/lib/x86_64-linux-gnu/libcap.so.2.66
7bc031109000-7bc03110f000 r--p 00000000 08:02 4075054                    /usr/lib/x86_64-linux-gnu/libmp3lame.so.0.0.0
7bc03110f000-7bc031140000 r-xp 00006000 08:02 4075054                    /usr/lib/x86_64-linux-gnu/libmp3lame.so.0.0.0
7bc031140000-7bc031150000 r--p 00037000 08:02 4075054                    /usr/lib/x86_64-linux-gnu/libmp3lame.so.0.0.0
7bc031150000-7bc031151000 r--p 00047000 08:02 4075054                    /usr/lib/x86_64-linux-gnu/libmp3lame.so.0.0.0
7bc031151000-7bc031152000 rw-p 00048000 08:02 4075054                    /usr/lib/x86_64-linux-gnu/libmp3lame.so.0.0.0
7bc031152000-7bc03117f000 rw-p 00000000 00:00 0 
7bc03117f000-7bc031184000 r--p 00000000 08:02 4075057                    /usr/lib/x86_64-linux-gnu/libmpg123.so.0.48.2
7bc031184000-7bc0311bf000 r-xp 00005000 08:02 4075057                    /usr/lib/x86_64-linux-gnu/libmpg123.so.0.48.2
7bc0311bf000-7bc0311d9000 r--p 00040000 08:02 4075057                    /usr/lib/x86_64-linux-gnu/libmpg123.so.0.48.2
7bc0311d9000-7bc0311da000 r--p 0005a000 08:02 4075057                    /usr/lib/x86_64-linux-gnu/libmpg123.so.0.48.2
7bc0311da000-7bc0311db000 rw-p 0005b000 08:02 4075057                    /usr/lib/x86_64-linux-gnu/libmpg123.so.0.48.2
7bc0311db000-7bc0311dd000 r--p 00000000 08:02 4075118                    /usr/lib/x86_64-linux-gnu/libogg.so.0.8.5
7bc0311dd000-7bc0311e0000 r-xp 00002000 08:02 4075118                    /usr/lib/x86_64-linux-gnu/libogg.so.0.8.5
7bc0311e0000-7bc0311e3000 r--p 00005000 08:02 4075118                    /usr/lib/x86_64-linux-gnu/libogg.so.0.8.5
7bc0311e3000-7bc0311e4000 r--p 00007000 08:02 4075118                    /usr/lib/x86_64-linux-gnu/libogg.so.0.8.5
7bc0311e4000-7bc0311e5000 rw-p 00008000 08:02 4075118                    /usr/lib/x86_64-linux-gnu/libogg.so.0.8.5
7bc0311e5000-7bc0311e8000 r--p 00000000 08:02 4075122                    /usr/lib/x86_64-linux-gnu/libopus.so.0.9.0
7bc0311e8000-7bc031232000 r-xp 00003000 08:02 4075122                    /usr/lib/x86_64-linux-gnu/libopus.so.0.9.0
7bc031232000-7bc031242000 r--p 0004d000 08:02 4075122                    /usr/lib/x86_64-linux-gnu/libopus.so.0.9.0
7bc031242000-7bc031243000 r--p 0005d000 08:02 4075122                    /usr/lib/x86_64-linux-gnu/libopus.so.0.9.0
7bc031243000-7bc031244000 rw-p 0005e000 08:02 4075122                    /usr/lib/x86_64-linux-gnu/libopus.so.0.9.0
7bc031244000-7bc031258000 r--p 00000000 08:02 4075315                    /usr/lib/x86_64-linux-gnu/libvorbisenc.so.2.0.12
7bc031258000-7bc03125b000 r-xp 00014000 08:02 4075315                    /usr/lib/x86_64-linux-gnu/libvorbisenc.so.2.0.12
7bc03125b000-7bc0312d2000 r--p 00017000 08:02 4075315                    /usr/lib/x86_64-linux-gnu/libvorbisenc.so.2.0.12
7bc0312d2000-7bc0312ee000 r--p 0008d000 08:02 4075315                    /usr/lib/x86_64-linux-gnu/libvorbisenc.so.2.0.12
7bc0312ee000-7bc0312ef000 rw-p 000a9000 08:02 4075315                    /usr/lib/x86_64-linux-gnu/libvorbisenc.so.2.0.12
7bc0312ef000-7bc0312f2000 r--p 00000000 08:02 4075314                    /usr/lib/x86_64-linux-gnu/libvorbis.so.0.4.9
7bc0312f2000-7bc03130a000 r-xp 00003000 08:02 4075314                    /usr/lib/x86_64-linux-gnu/libvorbis.so.0.4.9
7bc03130a000-7bc03131b000 r--p 0001b000 08:02 4075314                    /usr/lib/x86_64-linux-gnu/libvorbis.so.0.4.9
7bc03131b000-7bc03131c000 r--p 0002b000 08:02 4075314                    /usr/lib/x86_64-linux-gnu/libvorbis.so.0.4.9
7bc03131c000-7bc03131d000 rw-p 0002c000 08:02 4075314                    /usr/lib/x86_64-linux-gnu/libvorbis.so.0.4.9
7bc03131d000-7bc031325000 r--p 00000000 08:02 4074556                    /usr/lib/x86_64-linux-gnu/libFLAC.so.12.1.0
7bc031325000-7bc031377000 r-xp 00008000 08:02 4074556                    /usr/lib/x86_64-linux-gnu/libFLAC.so.12.1.0
7bc031377000-7bc03137f000 r--p 0005a000 08:02 4074556                    /usr/lib/x86_64-linux-gnu/libFLAC.so.12.1.0
7bc03137f000-7bc031380000 r--p 00062000 08:02 4074556                    /usr/lib/x86_64-linux-gnu/libFLAC.so.12.1.0
7bc031380000-7bc031381000 rw-p 00063000 08:02 4074556                    /usr/lib/x86_64-linux-gnu/libFLAC.so.12.1.0
7bc031381000-7bc031383000 r--p 00000000 08:02 4074581                    /usr/lib/x86_64-linux-gnu/libXdmcp.so.6.0.0
7bc031383000-7bc031385000 r-xp 00002000 08:02 4074581                    /usr/lib/x86_64-linux-gnu/libXdmcp.so.6.0.0
7bc031385000-7bc031387000 r--p 00004000 08:02 4074581                    /usr/lib/x86_64-linux-gnu/libXdmcp.so.6.0.0
7bc031387000-7bc031388000 r--p 00005000 08:02 4074581                    /usr/lib/x86_64-linux-gnu/libXdmcp.so.6.0.0
7bc031388000-7bc031389000 rw-p 00006000 08:02 4074581                    /usr/lib/x86_64-linux-gnu/libXdmcp.so.6.0.0
7bc031389000-7bc03138a000 r--p 00000000 08:02 4074576                    /usr/lib/x86_64-linux-gnu/libXau.so.6.0.0
7bc03138a000-7bc03138c000 r-xp 00001000 08:02 4074576                    /usr/lib/x86_64-linux-gnu/libXau.so.6.0.0
7bc03138c000-7bc03138d000 r--p 00003000 08:02 4074576                    /usr/lib/x86_64-linux-gnu/libXau.so.6.0.0
7bc03138d000-7bc03138e000 r--p 00003000 08:02 4074576                    /usr/lib/x86_64-linux-gnu/libXau.so.6.0.0
7bc03138e000-7bc03138f000 rw-p 00004000 08:02 4074576                    /usr/lib/x86_64-linux-gnu/libXau.so.6.0.0
7bc03138f000-7bc031392000 r--p 00000000 08:02 4072225                    /usr/lib/x86_64-linux-gnu/libapparmor.so.1.17.1
7bc031392000-7bc03139b000 r-xp 00003000 08:02 4072225                    /usr/lib/x86_64-linux-gnu/libapparmor.so.1.17.1
7bc03139b000-7bc0313a1000 r--p 0000c000 08:02 4072225                    /usr/lib/x86_64-linux-gnu/libapparmor.so.1.17.1
7bc0313a1000-7bc0313a2000 r--p 00012000 08:02 4072225                    /usr/lib/x86_64-linux-gnu/libapparmor.so.1.17.1
7bc0313a2000-7bc0313a3000 rw-p 00013000 08:02 4072225                    /usr/lib/x86_64-linux-gnu/libapparmor.so.1.17.1
7bc0313a3000-7bc0313b9000 r--p 00000000 08:02 4066062                    /usr/lib/x86_64-linux-gnu/libsystemd.so.0.38.0
7bc0313b9000-7bc031448000 r-xp 00016000 08:02 4066062                    /usr/lib/x86_64-linux-gnu/libsystemd.so.0.38.0
7bc031448000-7bc031476000 r--p 000a5000 08:02 4066062                    /usr/lib/x86_64-linux-gnu/libsystemd.so.0.38.0
7bc031476000-7bc031481000 r--p 000d2000 08:02 4066062                    /usr/lib/x86_64-linux-gnu/libsystemd.so.0.38.0
7bc031481000-7bc031482000 rw-p 000dd000 08:02 4066062                    /usr/lib/x86_64-linux-gnu/libsystemd.so.0.38.0
7bc031482000-7bc031483000 rw-p 00000000 00:00 0 
7bc031483000-7bc03148b000 r--p 00000000 08:02 4075232                    /usr/lib/x86_64-linux-gnu/libsndfile.so.1.0.37
7bc03148b000-7bc0314ec000 r-xp 00008000 08:02 4075232                    /usr/lib/x86_64-linux-gnu/libsndfile.so.1.0.37
7bc0314ec000-7bc031505000 r--p 00069000 08:02 4075232                    /usr/lib/x86_64-linux-gnu/libsndfile.so.1.0.37
7bc031505000-7bc031508000 r--p 00081000 08:02 4075232                    /usr/lib/x86_64-linux-gnu/libsndfile.so.1.0.37
7bc031508000-7bc031509000 rw-p 00084000 08:02 4075232                    /usr/lib/x86_64-linux-gnu/libsndfile.so.1.0.37
7bc031509000-7bc03150b000 rw-p 00000000 00:00 0 
7bc03150b000-7bc03150d000 r--p 00000000 08:02 4074831                    /usr/lib/x86_64-linux-gnu/libffi.so.8.1.4
7bc03150d000-7bc031514000 r-xp 00002000 08:02 4074831                    /usr/lib/x86_64-linux-gnu/libffi.so.8.1.4
7bc031514000-7bc031515000 r--p 00009000 08:02 4074831                    /usr/lib/x86_64-linux-gnu/libffi.so.8.1.4
7bc031515000-7bc031516000 r--p 0000a000 08:02 4074831                    /usr/lib/x86_64-linux-gnu/libffi.so.8.1.4
7bc031516000-7bc031517000 rw-p 0000b000 08:02 4074831                    /usr/lib/x86_64-linux-gnu/libffi.so.8.1.4
7bc031517000-7bc03151b000 r--p 00000000 08:02 4074825                    /usr/lib/x86_64-linux-gnu/libexpat.so.1.9.1
7bc03151b000-7bc031538000 r-xp 00004000 08:02 4074825                    /usr/lib/x86_64-linux-gnu/libexpat.so.1.9.1
7bc031538000-7bc031540000 r--p 00021000 08:02 4074825                    /usr/lib/x86_64-linux-gnu/libexpat.so.1.9.1
7bc031540000-7bc031542000 r--p 00028000 08:02 4074825                    /usr/lib/x86_64-linux-gnu/libexpat.so.1.9.1
7bc031542000-7bc031543000 rw-p 0002a000 08:02 4074825                    /usr/lib/x86_64-linux-gnu/libexpat.so.1.9.1
7bc031543000-7bc031545000 r--p 00000000 08:02 4074592                    /usr/lib/x86_64-linux-gnu/libXrender.so.1.3.0
7bc031545000-7bc03154c000 r-xp 00002000 08:02 4074592                    /usr/lib/x86_64-linux-gnu/libXrender.so.1.3.0
7bc03154c000-7bc03154d000 r--p 00009000 08:02 4074592                    /usr/lib/x86_64-linux-gnu/libXrender.so.1.3.0
7bc03154d000-7bc03154e000 r--p 00009000 08:02 4074592                    /usr/lib/x86_64-linux-gnu/libXrender.so.1.3.0
7bc03154e000-7bc03154f000 rw-p 0000a000 08:02 4074592                    /usr/lib/x86_64-linux-gnu/libXrender.so.1.3.0
7bc03154f000-7bc03155a000 r--p 00000000 08:02 4075371                    /usr/lib/x86_64-linux-gnu/libxcb.so.1.1.0
7bc03155a000-7bc03156d000 r-xp 0000b000 08:02 4075371                    /usr/lib/x86_64-linux-gnu/libxcb.so.1.1.0
7bc03156d000-7bc031576000 r--p 0001e000 08:02 4075371                    /usr/lib/x86_64-linux-gnu/libxcb.so.1.1.0
7bc031576000-7bc031577000 r--p 00026000 08:02 4075371                    /usr/lib/x86_64-linux-gnu/libxcb.so.1.1.0
7bc031577000-7bc031578000 rw-p 00027000 08:02 4075371                    /usr/lib/x86_64-linux-gnu/libxcb.so.1.1.0
7bc031578000-7bc031591000 r--p 00000000 08:02 4074574                    /usr/lib/x86_64-linux-gnu/libX11.so.6.4.0
7bc031591000-7bc031621000 r-xp 00019000 08:02 4074574                    /usr/lib/x86_64-linux-gnu/libX11.so.6.4.0
7bc031621000-7bc0316b0000 r--p 000a9000 08:02 4074574                    /usr/lib/x86_64-linux-gnu/libX11.so.6.4.0
7bc0316b0000-7bc0316b1000 r--p 00138000 08:02 4074574                    /usr/lib/x86_64-linux-gnu/libX11.so.6.4.0
7bc0316b1000-7bc0316b5000 rw-p 00139000 08:02 4074574                    /usr/lib/x86_64-linux-gnu/libX11.so.6.4.0
7bc0316b5000-7bc0316b7000 r--p 00000000 08:02 4075212                    /usr/lib/x86_64-linux-gnu/libsamplerate.so.0.2.2
7bc0316b7000-7bc0316bc000 r-xp 00002000 08:02 4075212                    /usr/lib/x86_64-linux-gnu/libsamplerate.so.0.2.2
7bc0316bc000-7bc031822000 r--p 00007000 08:02 4075212                    /usr/lib/x86_64-linux-gnu/libsamplerate.so.0.2.2
7bc031822000-7bc031823000 r--p 0016c000 08:02 4075212                    /usr/lib/x86_64-linux-gnu/libsamplerate.so.0.2.2
7bc031823000-7bc031824000 rw-p 0016d000 08:02 4075212                    /usr/lib/x86_64-linux-gnu/libsamplerate.so.0.2.2
7bc031824000-7bc031850000 r--p 00000000 08:02 4083323                    /usr/lib/x86_64-linux-gnu/libSDL2-2.0.so.0.3000.0
7bc031850000-7bc031984000 r-xp 0002c000 08:02 4083323                    /usr/lib/x86_64-linux-gnu/libSDL2-2.0.so.0.3000.0
7bc031984000-7bc0319ea000 r--p 00160000 08:02 4083323                    /usr/lib/x86_64-linux-gnu/libSDL2-2.0.so.0.3000.0
7bc0319ea000-7bc0319f3000 r--p 001c6000 08:02 4083323                    /usr/lib/x86_64-linux-gnu/libSDL2-2.0.so.0.3000.0
7bc0319f3000-7bc0319fa000 rw-p 001cf000 08:02 4083323                    /usr/lib/x86_64-linux-gnu/libSDL2-2.0.so.0.3000.0
7bc0319fa000-7bc031a00000 rw-p 00000000 00:00 0 
7bc031a00000-7bc031a44000 r--p 00000000 08:02 2366918                    /tmp/u8g2-native-11799964348063004503/libu8g2.so
7bc031a44000-7bc031a9d000 r-xp 00044000 08:02 2366918                    /tmp/u8g2-native-11799964348063004503/libu8g2.so
7bc031a9d000-7bc032897000 r--p 0009d000 08:02 2366918                    /tmp/u8g2-native-11799964348063004503/libu8g2.so
7bc032897000-7bc032898000 r--p 00e97000 08:02 2366918                    /tmp/u8g2-native-11799964348063004503/libu8g2.so
7bc032898000-7bc032899000 rw-p 00e98000 08:02 2366918                    /tmp/u8g2-native-11799964348063004503/libu8g2.so
7bc032899000-7bc03289d000 rw-p 00000000 00:00 0 
7bc03289f000-7bc0328a1000 r--p 00000000 08:02 4074681                    /usr/lib/x86_64-linux-gnu/libasyncns.so.0.3.1
7bc0328a1000-7bc0328a4000 r-xp 00002000 08:02 4074681                    /usr/lib/x86_64-linux-gnu/libasyncns.so.0.3.1
7bc0328a4000-7bc0328a5000 r--p 00005000 08:02 4074681                    /usr/lib/x86_64-linux-gnu/libasyncns.so.0.3.1
7bc0328a5000-7bc0328a6000 r--p 00005000 08:02 4074681                    /usr/lib/x86_64-linux-gnu/libasyncns.so.0.3.1
7bc0328a6000-7bc0328a7000 rw-p 00006000 08:02 4074681                    /usr/lib/x86_64-linux-gnu/libasyncns.so.0.3.1
7bc0328a7000-7bc0328b3000 r--p 00000000 08:02 4074766                    /usr/lib/x86_64-linux-gnu/libdbus-1.so.3.32.4
7bc0328b3000-7bc0328e3000 r-xp 0000c000 08:02 4074766                    /usr/lib/x86_64-linux-gnu/libdbus-1.so.3.32.4
7bc0328e3000-7bc0328f4000 r--p 0003c000 08:02 4074766                    /usr/lib/x86_64-linux-gnu/libdbus-1.so.3.32.4
7bc0328f4000-7bc0328f5000 r--p 0004c000 08:02 4074766                    /usr/lib/x86_64-linux-gnu/libdbus-1.so.3.32.4
7bc0328f5000-7bc0328f6000 rw-p 0004d000 08:02 4074766                    /usr/lib/x86_64-linux-gnu/libdbus-1.so.3.32.4
7bc0328f6000-7bc032921000 r--p 00000000 08:02 4074678                    /usr/lib/x86_64-linux-gnu/libasound.so.2.0.0
7bc032921000-7bc0329c0000 r-xp 0002b000 08:02 4074678                    /usr/lib/x86_64-linux-gnu/libasound.so.2.0.0
7bc0329c0000-7bc0329f8000 r--p 000ca000 08:02 4074678                    /usr/lib/x86_64-linux-gnu/libasound.so.2.0.0
7bc0329f8000-7bc0329ff000 r--p 00101000 08:02 4074678                    /usr/lib/x86_64-linux-gnu/libasound.so.2.0.0
7bc0329ff000-7bc032a00000 rw-p 00108000 08:02 4074678                    /usr/lib/x86_64-linux-gnu/libasound.so.2.0.0
7bc032a00000-7bc032a04000 ---p 00000000 00:00 0 
7bc032a04000-7bc032b00000 rw-p 00000000 00:00 0 
7bc032b00000-7bc032b04000 ---p 00000000 00:00 0 
7bc032b04000-7bc032c00000 rw-p 00000000 00:00 0 
7bc032c00000-7bc032c04000 ---p 00000000 00:00 0 
7bc032c04000-7bc032d00000 rw-p 00000000 00:00 0 
7bc032d00000-7bc032d04000 ---p 00000000 00:00 0 
7bc032d04000-7bc032e00000 rw-p 00000000 00:00 0 
7bc032e00000-7bc032e04000 ---p 00000000 00:00 0 
7bc032e04000-7bc032f00000 rw-p 00000000 00:00 0 
7bc032f00000-7bc032f04000 ---p 00000000 00:00 0 
7bc032f04000-7bc033000000 rw-p 00000000 00:00 0 
7bc033000000-7bc033004000 ---p 00000000 00:00 0 
7bc033004000-7bc033100000 rw-p 00000000 00:00 0 
7bc033100000-7bc033104000 ---p 00000000 00:00 0 
7bc033104000-7bc033200000 rw-p 00000000 00:00 0 
7bc033200000-7bc033204000 ---p 00000000 00:00 0 
7bc033204000-7bc033300000 rw-p 00000000 00:00 0 
7bc033300000-7bc033304000 ---p 00000000 00:00 0 
7bc033304000-7bc033400000 rw-p 00000000 00:00 0 
7bc033400000-7bc033404000 ---p 00000000 00:00 0 
7bc033404000-7bc033500000 rw-p 00000000 00:00 0 
7bc033500000-7bc033504000 ---p 00000000 00:00 0 
7bc033504000-7bc033600000 rw-p 00000000 00:00 0 
7bc033600000-7bc033b75000 r--p 00000000 08:02 4063312                    /usr/lib/locale/locale-archive
7bc033b79000-7bc033b7a000 r--p 00000000 08:02 4074573                    /usr/lib/x86_64-linux-gnu/libX11-xcb.so.1.0.0
7bc033b7a000-7bc033b7b000 r-xp 00001000 08:02 4074573                    /usr/lib/x86_64-linux-gnu/libX11-xcb.so.1.0.0
7bc033b7b000-7bc033b7c000 r--p 00002000 08:02 4074573                    /usr/lib/x86_64-linux-gnu/libX11-xcb.so.1.0.0
7bc033b7c000-7bc033b7d000 r--p 00002000 08:02 4074573                    /usr/lib/x86_64-linux-gnu/libX11-xcb.so.1.0.0
7bc033b7d000-7bc033b7e000 rw-p 00003000 08:02 4074573                    /usr/lib/x86_64-linux-gnu/libX11-xcb.so.1.0.0
7bc033b7e000-7bc033b90000 r--p 00000000 08:02 4078446                    /usr/lib/x86_64-linux-gnu/pulseaudio/libpulsecommon-16.1.so
7bc033b90000-7bc033bda000 r-xp 00012000 08:02 4078446                    /usr/lib/x86_64-linux-gnu/pulseaudio/libpulsecommon-16.1.so
7bc033bda000-7bc033bf9000 r--p 0005c000 08:02 4078446                    /usr/lib/x86_64-linux-gnu/pulseaudio/libpulsecommon-16.1.so
7bc033bf9000-7bc033bfb000 r--p 0007a000 08:02 4078446                    /usr/lib/x86_64-linux-gnu/pulseaudio/libpulsecommon-16.1.so
7bc033bfb000-7bc033bfc000 rw-p 0007c000 08:02 4078446                    /usr/lib/x86_64-linux-gnu/pulseaudio/libpulsecommon-16.1.so
7bc033bfc000-7bc033bfd000 ---p 00000000 00:00 0 
7bc033bfd000-7bc033cfd000 rw-p 00000000 00:00 0 
7bc033cfd000-7bc033cfe000 ---p 00000000 00:00 0 
7bc033cfe000-7bc033dfe000 rw-p 00000000 00:00 0 
7bc033dfe000-7bc033dff000 ---p 00000000 00:00 0 
7bc033dff000-7bc033eff000 rw-p 00000000 00:00 0 
7bc033eff000-7bc033f00000 ---p 00000000 00:00 0 
7bc033f00000-7bc034000000 rw-p 00000000 00:00 0 
7bc034000000-7bc034021000 rw-p 00000000 00:00 0 
7bc034021000-7bc038000000 ---p 00000000 00:00 0 
7bc038000000-7bc038021000 rw-p 00000000 00:00 0 
7bc038021000-7bc03c000000 ---p 00000000 00:00 0 
7bc03c000000-7bc03c021000 rw-p 00000000 00:00 0 
7bc03c021000-7bc040000000 ---p 00000000 00:00 0 
7bc040004000-7bc040008000 r--p 00000000 08:02 4074779                    /usr/lib/x86_64-linux-gnu/libdecor-0.so.0.200.2
7bc040008000-7bc04000b000 r-xp 00004000 08:02 4074779                    /usr/lib/x86_64-linux-gnu/libdecor-0.so.0.200.2
7bc04000b000-7bc04000d000 r--p 00007000 08:02 4074779                    /usr/lib/x86_64-linux-gnu/libdecor-0.so.0.200.2
7bc04000d000-7bc04000e000 r--p 00008000 08:02 4074779                    /usr/lib/x86_64-linux-gnu/libdecor-0.so.0.200.2
7bc04000e000-7bc04000f000 rw-p 00009000 08:02 4074779                    /usr/lib/x86_64-linux-gnu/libdecor-0.so.0.200.2
7bc04000f000-7bc040014000 r--p 00000000 08:02 4075374                    /usr/lib/x86_64-linux-gnu/libxkbcommon.so.0.0.0
7bc040014000-7bc040034000 r-xp 00005000 08:02 4075374                    /usr/lib/x86_64-linux-gnu/libxkbcommon.so.0.0.0
7bc040034000-7bc040055000 r--p 00025000 08:02 4075374                    /usr/lib/x86_64-linux-gnu/libxkbcommon.so.0.0.0
7bc040055000-7bc040057000 r--p 00045000 08:02 4075374                    /usr/lib/x86_64-linux-gnu/libxkbcommon.so.0.0.0
7bc040057000-7bc040058000 rw-p 00047000 08:02 4075374                    /usr/lib/x86_64-linux-gnu/libxkbcommon.so.0.0.0
7bc040058000-7bc04005a000 r--p 00000000 08:02 4075330                    /usr/lib/x86_64-linux-gnu/libwayland-cursor.so.0.22.0
7bc04005a000-7bc04005c000 r-xp 00002000 08:02 4075330                    /usr/lib/x86_64-linux-gnu/libwayland-cursor.so.0.22.0
7bc04005c000-7bc04005d000 r--p 00004000 08:02 4075330                    /usr/lib/x86_64-linux-gnu/libwayland-cursor.so.0.22.0
7bc04005d000-7bc04005e000 r--p 00004000 08:02 4075330                    /usr/lib/x86_64-linux-gnu/libwayland-cursor.so.0.22.0
7bc04005e000-7bc040062000 rw-p 00005000 08:02 4075330                    /usr/lib/x86_64-linux-gnu/libwayland-cursor.so.0.22.0
7bc040062000-7bc040067000 r--p 00000000 08:02 4075329                    /usr/lib/x86_64-linux-gnu/libwayland-client.so.0.22.0
7bc040067000-7bc04006d000 r-xp 00005000 08:02 4075329                    /usr/lib/x86_64-linux-gnu/libwayland-client.so.0.22.0
7bc04006d000-7bc04006f000 r--p 0000b000 08:02 4075329                    /usr/lib/x86_64-linux-gnu/libwayland-client.so.0.22.0
7bc04006f000-7bc040071000 r--p 0000d000 08:02 4075329                    /usr/lib/x86_64-linux-gnu/libwayland-client.so.0.22.0
7bc040071000-7bc040072000 rw-p 0000f000 08:02 4075329                    /usr/lib/x86_64-linux-gnu/libwayland-client.so.0.22.0
7bc040072000-7bc040073000 r--p 00000000 08:02 4075331                    /usr/lib/x86_64-linux-gnu/libwayland-egl.so.1.22.0
7bc040073000-7bc040074000 r-xp 00001000 08:02 4075331                    /usr/lib/x86_64-linux-gnu/libwayland-egl.so.1.22.0
7bc040074000-7bc040075000 r--p 00002000 08:02 4075331                    /usr/lib/x86_64-linux-gnu/libwayland-egl.so.1.22.0
7bc040075000-7bc040076000 r--p 00002000 08:02 4075331                    /usr/lib/x86_64-linux-gnu/libwayland-egl.so.1.22.0
7bc040076000-7bc040077000 rw-p 00003000 08:02 4075331                    /usr/lib/x86_64-linux-gnu/libwayland-egl.so.1.22.0
7bc040077000-7bc04007c000 r--p 00000000 08:02 4071064                    /usr/lib/x86_64-linux-gnu/libdrm.so.2.125.0
7bc04007c000-7bc040088000 r-xp 00005000 08:02 4071064                    /usr/lib/x86_64-linux-gnu/libdrm.so.2.125.0
7bc040088000-7bc04008c000 r--p 00011000 08:02 4071064                    /usr/lib/x86_64-linux-gnu/libdrm.so.2.125.0
7bc04008c000-7bc04008d000 r--p 00015000 08:02 4071064                    /usr/lib/x86_64-linux-gnu/libdrm.so.2.125.0
7bc04008d000-7bc04008e000 rw-p 00016000 08:02 4071064                    /usr/lib/x86_64-linux-gnu/libdrm.so.2.125.0
7bc04008e000-7bc040090000 r--p 00000000 08:02 4074591                    /usr/lib/x86_64-linux-gnu/libXrandr.so.2.2.0
7bc040090000-7bc040097000 r-xp 00002000 08:02 4074591                    /usr/lib/x86_64-linux-gnu/libXrandr.so.2.2.0
7bc040097000-7bc040099000 r--p 00009000 08:02 4074591                    /usr/lib/x86_64-linux-gnu/libXrandr.so.2.2.0
7bc040099000-7bc04009a000 r--p 0000a000 08:02 4074591                    /usr/lib/x86_64-linux-gnu/libXrandr.so.2.2.0
7bc04009a000-7bc04009b000 rw-p 0000b000 08:02 4074591                    /usr/lib/x86_64-linux-gnu/libXrandr.so.2.2.0
7bc04009b000-7bc04009e000 r--p 00000000 08:02 4074586                    /usr/lib/x86_64-linux-gnu/libXi.so.6.1.0
7bc04009e000-7bc0400aa000 r-xp 00003000 08:02 4074586                    /usr/lib/x86_64-linux-gnu/libXi.so.6.1.0
7bc0400aa000-7bc0400ac000 r--p 0000f000 08:02 4074586                    /usr/lib/x86_64-linux-gnu/libXi.so.6.1.0
7bc0400ac000-7bc0400ad000 r--p 00011000 08:02 4074586                    /usr/lib/x86_64-linux-gnu/libXi.so.6.1.0
7bc0400ad000-7bc0400ae000 rw-p 00012000 08:02 4074586                    /usr/lib/x86_64-linux-gnu/libXi.so.6.1.0
7bc0400ae000-7bc0400ba000 r--p 00000000 08:02 4075185                    /usr/lib/x86_64-linux-gnu/libpulse.so.0.24.2
7bc0400ba000-7bc0400eb000 r-xp 0000c000 08:02 4075185                    /usr/lib/x86_64-linux-gnu/libpulse.so.0.24.2
7bc0400eb000-7bc0400fc000 r--p 0003d000 08:02 4075185                    /usr/lib/x86_64-linux-gnu/libpulse.so.0.24.2
7bc0400fc000-7bc0400fe000 r--p 0004d000 08:02 4075185                    /usr/lib/x86_64-linux-gnu/libpulse.so.0.24.2
7bc0400fe000-7bc0400ff000 rw-p 0004f000 08:02 4075185                    /usr/lib/x86_64-linux-gnu/libpulse.so.0.24.2
7bc0400ff000-7bc042200000 rw-p 00000000 00:00 0 
7bc042200000-7bc042202000 r--p 00000000 08:02 4071351                    /usr/lib/x86_64-linux-gnu/libgbm.so.1.0.0
7bc042202000-7bc042204000 r-xp 00002000 08:02 4071351                    /usr/lib/x86_64-linux-gnu/libgbm.so.1.0.0
7bc042204000-7bc042205000 r--p 00004000 08:02 4071351                    /usr/lib/x86_64-linux-gnu/libgbm.so.1.0.0
7bc042205000-7bc042206000 r--p 00004000 08:02 4071351                    /usr/lib/x86_64-linux-gnu/libgbm.so.1.0.0
7bc042206000-7bc042207000 rw-p 00005000 08:02 4071351                    /usr/lib/x86_64-linux-gnu/libgbm.so.1.0.0
7bc042207000-7bc042209000 r--p 00000000 08:02 4074583                    /usr/lib/x86_64-linux-gnu/libXfixes.so.3.1.0
7bc042209000-7bc04220c000 r-xp 00002000 08:02 4074583                    /usr/lib/x86_64-linux-gnu/libXfixes.so.3.1.0
7bc04220c000-7bc04220d000 r--p 00005000 08:02 4074583                    /usr/lib/x86_64-linux-gnu/libXfixes.so.3.1.0
7bc04220d000-7bc04220e000 r--p 00005000 08:02 4074583                    /usr/lib/x86_64-linux-gnu/libXfixes.so.3.1.0
7bc04220e000-7bc04220f000 rw-p 00006000 08:02 4074583                    /usr/lib/x86_64-linux-gnu/libXfixes.so.3.1.0
7bc04220f000-7bc042211000 r--p 00000000 08:02 4074579                    /usr/lib/x86_64-linux-gnu/libXcursor.so.1.0.2
7bc042211000-7bc042217000 r-xp 00002000 08:02 4074579                    /usr/lib/x86_64-linux-gnu/libXcursor.so.1.0.2
7bc042217000-7bc042219000 r--p 00008000 08:02 4074579                    /usr/lib/x86_64-linux-gnu/libXcursor.so.1.0.2
7bc042219000-7bc04221a000 r--p 00009000 08:02 4074579                    /usr/lib/x86_64-linux-gnu/libXcursor.so.1.0.2
7bc04221a000-7bc04221b000 rw-p 0000a000 08:02 4074579                    /usr/lib/x86_64-linux-gnu/libXcursor.so.1.0.2
7bc04221b000-7bc04221f000 r--p 00000000 08:02 4074582                    /usr/lib/x86_64-linux-gnu/libXext.so.6.4.0
7bc04221f000-7bc04222a000 r-xp 00004000 08:02 4074582                    /usr/lib/x86_64-linux-gnu/libXext.so.6.4.0
7bc04222a000-7bc04222d000 r--p 0000f000 08:02 4074582                    /usr/lib/x86_64-linux-gnu/libXext.so.6.4.0
7bc04222d000-7bc04222e000 r--p 00011000 08:02 4074582                    /usr/lib/x86_64-linux-gnu/libXext.so.6.4.0
7bc04222e000-7bc04222f000 rw-p 00012000 08:02 4074582                    /usr/lib/x86_64-linux-gnu/libXext.so.6.4.0
7bc04223a000-7bc042241000 r--s 00000000 08:02 4084170                    /usr/lib/x86_64-linux-gnu/gconv/gconv-modules.cache
7bc042241000-7bc042248000 r-xp 00000000 08:02 2529245                    /home/servadmin/.sdkman/candidates/java/25-zulu/lib/libzip.so
7bc042248000-7bc042249000 ---p 00007000 08:02 2529245                    /home/servadmin/.sdkman/candidates/java/25-zulu/lib/libzip.so
7bc042249000-7bc04224a000 r--p 00007000 08:02 2529245                    /home/servadmin/.sdkman/candidates/java/25-zulu/lib/libzip.so
7bc04224a000-7bc04224b000 rw-p 00008000 08:02 2529245                    /home/servadmin/.sdkman/candidates/java/25-zulu/lib/libzip.so
7bc04224b000-7bc04225f000 r-xp 00000000 08:02 2529243                    /home/servadmin/.sdkman/candidates/java/25-zulu/lib/libnio.so
7bc04225f000-7bc042260000 r--p 00013000 08:02 2529243                    /home/servadmin/.sdkman/candidates/java/25-zulu/lib/libnio.so
7bc042260000-7bc042261000 rw-p 00014000 08:02 2529243                    /home/servadmin/.sdkman/candidates/java/25-zulu/lib/libnio.so
7bc042261000-7bc04229e000 r-xp 00000000 08:02 2529233                    /home/servadmin/.sdkman/candidates/java/25-zulu/lib/libsimdsort.so
7bc04229e000-7bc04229f000 r--p 0003d000 08:02 2529233                    /home/servadmin/.sdkman/candidates/java/25-zulu/lib/libsimdsort.so
7bc04229f000-7bc0422a0000 rw-p 0003e000 08:02 2529233                    /home/servadmin/.sdkman/candidates/java/25-zulu/lib/libsimdsort.so
7bc0422a0000-7bc0424b8000 rw-p 00000000 00:00 0 
7bc0424b8000-7bc0443f8000 ---p 00000000 00:00 0 
7bc0443f8000-7bc044400000 rw-p 00000000 00:00 0 
7bc044400000-7bc0446c0000 rwxp 00000000 00:00 0 
7bc0446c0000-7bc04b937000 ---p 00000000 00:00 0 
7bc04b937000-7bc04bba7000 rwxp 00000000 00:00 0 
7bc04bba7000-7bc04bec7000 ---p 00000000 00:00 0 
7bc04bec7000-7bc04c137000 rwxp 00000000 00:00 0 
7bc04c137000-7bc053400000 ---p 00000000 00:00 0 
7bc053400000-7bc05beec000 r--s 00000000 08:02 2529202                    /home/servadmin/.sdkman/candidates/java/25-zulu/lib/modules
7bc05beec000-7bc05beed000 r--p 00000000 08:02 4074593                    /usr/lib/x86_64-linux-gnu/libXss.so.1.0.0
7bc05beed000-7bc05beee000 r-xp 00001000 08:02 4074593                    /usr/lib/x86_64-linux-gnu/libXss.so.1.0.0
7bc05beee000-7bc05beef000 r--p 00002000 08:02 4074593                    /usr/lib/x86_64-linux-gnu/libXss.so.1.0.0
7bc05beef000-7bc05bef0000 r--p 00002000 08:02 4074593                    /usr/lib/x86_64-linux-gnu/libXss.so.1.0.0
7bc05bef0000-7bc05bef1000 rw-p 00003000 08:02 4074593                    /usr/lib/x86_64-linux-gnu/libXss.so.1.0.0
7bc05bef1000-7bc05befd000 r-xp 00000000 08:02 2529232                    /home/servadmin/.sdkman/candidates/java/25-zulu/lib/libnet.so
7bc05befd000-7bc05befe000 r--p 0000b000 08:02 2529232                    /home/servadmin/.sdkman/candidates/java/25-zulu/lib/libnet.so
7bc05befe000-7bc05beff000 rw-p 0000c000 08:02 2529232                    /home/servadmin/.sdkman/candidates/java/25-zulu/lib/libnet.so
7bc05beff000-7bc05cc62000 rw-p 00000000 00:00 0 
7bc05cc62000-7bc060000000 ---p 00000000 00:00 0 
7bc060001000-7bc060002000 r-xp 00000000 08:02 2529230                    /home/servadmin/.sdkman/candidates/java/25-zulu/lib/libsyslookup.so
7bc060002000-7bc060003000 r--p 00000000 08:02 2529230                    /home/servadmin/.sdkman/candidates/java/25-zulu/lib/libsyslookup.so
7bc060003000-7bc060004000 rw-p 00001000 08:02 2529230                    /home/servadmin/.sdkman/candidates/java/25-zulu/lib/libsyslookup.so
7bc060004000-7bc0602e2000 rw-p 00000000 00:00 0 
7bc0602e2000-7bc0602e3000 ---p 00000000 00:00 0 
7bc0602e3000-7bc0603e3000 rw-p 00000000 00:00 0 
7bc0603e3000-7bc0603e4000 ---p 00000000 00:00 0 
7bc0603e4000-7bc0604e4000 rw-p 00000000 00:00 0 
7bc0604e4000-7bc0604e5000 ---p 00000000 00:00 0 
7bc0604e5000-7bc0605e5000 rw-p 00000000 00:00 0 
7bc0605e5000-7bc060628000 rw-p 00000000 00:00 0 
7bc060628000-7bc060a10000 ---p 00000000 00:00 0 
7bc060a10000-7bc060a54000 rw-p 00000000 00:00 0 
7bc060a54000-7bc060e3c000 ---p 00000000 00:00 0 
7bc060e3c000-7bc061246000 rw-p 00000000 00:00 0 
7bc061246000-7bc06132c000 ---p 00000000 00:00 0 
7bc06132c000-7bc061332000 rw-p 00000000 00:00 0 
7bc061332000-7bc061417000 ---p 00000000 00:00 0 
7bc061417000-7bc06141b000 ---p 00000000 00:00 0 
7bc06141b000-7bc061517000 rw-p 00000000 00:00 0 
7bc061517000-7bc061527000 r--p 00000000 08:02 4084184                    /usr/lib/x86_64-linux-gnu/libm.so.6
7bc061527000-7bc0615a6000 r-xp 00010000 08:02 4084184                    /usr/lib/x86_64-linux-gnu/libm.so.6
7bc0615a6000-7bc0615fe000 r--p 0008f000 08:02 4084184                    /usr/lib/x86_64-linux-gnu/libm.so.6
7bc0615fe000-7bc0615ff000 r--p 000e7000 08:02 4084184                    /usr/lib/x86_64-linux-gnu/libm.so.6
7bc0615ff000-7bc061600000 rw-p 000e8000 08:02 4084184                    /usr/lib/x86_64-linux-gnu/libm.so.6
7bc061600000-7bc062b9e000 r-xp 00000000 08:02 2529218                    /home/servadmin/.sdkman/candidates/java/25-zulu/lib/server/libjvm.so
7bc062b9e000-7bc062b9f000 ---p 0159e000 08:02 2529218                    /home/servadmin/.sdkman/candidates/java/25-zulu/lib/server/libjvm.so
7bc062b9f000-7bc062c88000 r--p 0159e000 08:02 2529218                    /home/servadmin/.sdkman/candidates/java/25-zulu/lib/server/libjvm.so
7bc062c88000-7bc062cb3000 rw-p 01687000 08:02 2529218                    /home/servadmin/.sdkman/candidates/java/25-zulu/lib/server/libjvm.so
7bc062cb3000-7bc062d2f000 rw-p 00000000 00:00 0 
7bc062d31000-7bc062d9b000 rw-p 00000000 00:00 0 
7bc062d9b000-7bc062da2000 ---p 00000000 00:00 0 
7bc062da2000-7bc062dc2000 r-xp 00000000 08:02 2529251                    /home/servadmin/.sdkman/candidates/java/25-zulu/lib/libjava.so
7bc062dc2000-7bc062dc3000 r--p 0001f000 08:02 2529251                    /home/servadmin/.sdkman/candidates/java/25-zulu/lib/libjava.so
7bc062dc3000-7bc062dc4000 rw-p 00020000 08:02 2529251                    /home/servadmin/.sdkman/candidates/java/25-zulu/lib/libjava.so
7bc062dc4000-7bc062dc5000 rw-p 00000000 00:00 0 
7bc062dc5000-7bc062de0000 r-xp 00000000 08:02 2529227                    /home/servadmin/.sdkman/candidates/java/25-zulu/lib/libjimage.so
7bc062de0000-7bc062de1000 ---p 0001b000 08:02 2529227                    /home/servadmin/.sdkman/candidates/java/25-zulu/lib/libjimage.so
7bc062de1000-7bc062de3000 r--p 0001b000 08:02 2529227                    /home/servadmin/.sdkman/candidates/java/25-zulu/lib/libjimage.so
7bc062de3000-7bc062de4000 rw-p 0001d000 08:02 2529227                    /home/servadmin/.sdkman/candidates/java/25-zulu/lib/libjimage.so
7bc062de4000-7bc062de6000 r--p 00000000 08:02 4075386                    /usr/lib/x86_64-linux-gnu/libz.so.1.3
7bc062de6000-7bc062df8000 r-xp 00002000 08:02 4075386                    /usr/lib/x86_64-linux-gnu/libz.so.1.3
7bc062df8000-7bc062dfe000 r--p 00014000 08:02 4075386                    /usr/lib/x86_64-linux-gnu/libz.so.1.3
7bc062dfe000-7bc062dff000 r--p 0001a000 08:02 4075386                    /usr/lib/x86_64-linux-gnu/libz.so.1.3
7bc062dff000-7bc062e00000 rw-p 0001b000 08:02 4075386                    /usr/lib/x86_64-linux-gnu/libz.so.1.3
7bc062e00000-7bc062e28000 r--p 00000000 08:02 4084181                    /usr/lib/x86_64-linux-gnu/libc.so.6
7bc062e28000-7bc062fb0000 r-xp 00028000 08:02 4084181                    /usr/lib/x86_64-linux-gnu/libc.so.6
7bc062fb0000-7bc062fff000 r--p 001b0000 08:02 4084181                    /usr/lib/x86_64-linux-gnu/libc.so.6
7bc062fff000-7bc063003000 r--p 001fe000 08:02 4084181                    /usr/lib/x86_64-linux-gnu/libc.so.6
7bc063003000-7bc063005000 rw-p 00202000 08:02 4084181                    /usr/lib/x86_64-linux-gnu/libc.so.6
7bc063005000-7bc063012000 rw-p 00000000 00:00 0 
7bc063012000-7bc063018000 r-xp 00000000 08:02 2529248                    /home/servadmin/.sdkman/candidates/java/25-zulu/lib/libmanagement_ext.so
7bc063018000-7bc063019000 r--p 00005000 08:02 2529248                    /home/servadmin/.sdkman/candidates/java/25-zulu/lib/libmanagement_ext.so
7bc063019000-7bc06301a000 rw-p 00006000 08:02 2529248                    /home/servadmin/.sdkman/candidates/java/25-zulu/lib/libmanagement_ext.so
7bc06301a000-7bc06301b000 r--p 00000000 08:02 4084195                    /usr/lib/x86_64-linux-gnu/librt.so.1
7bc06301b000-7bc06301c000 r-xp 00001000 08:02 4084195                    /usr/lib/x86_64-linux-gnu/librt.so.1
7bc06301c000-7bc06301d000 r--p 00002000 08:02 4084195                    /usr/lib/x86_64-linux-gnu/librt.so.1
7bc06301d000-7bc06301e000 r--p 00002000 08:02 4084195                    /usr/lib/x86_64-linux-gnu/librt.so.1
7bc06301e000-7bc06301f000 rw-p 00003000 08:02 4084195                    /usr/lib/x86_64-linux-gnu/librt.so.1
7bc06301f000-7bc063023000 rw-p 00000000 00:00 0 
7bc063023000-7bc063024000 r--p 00000000 08:02 4084193                    /usr/lib/x86_64-linux-gnu/libpthread.so.0
7bc063024000-7bc063025000 r-xp 00001000 08:02 4084193                    /usr/lib/x86_64-linux-gnu/libpthread.so.0
7bc063025000-7bc063026000 r--p 00002000 08:02 4084193                    /usr/lib/x86_64-linux-gnu/libpthread.so.0
7bc063026000-7bc063027000 r--p 00002000 08:02 4084193                    /usr/lib/x86_64-linux-gnu/libpthread.so.0
7bc063027000-7bc063028000 rw-p 00003000 08:02 4084193                    /usr/lib/x86_64-linux-gnu/libpthread.so.0
7bc063028000-7bc063029000 r--p 00000000 08:02 4084183                    /usr/lib/x86_64-linux-gnu/libdl.so.2
7bc063029000-7bc06302a000 r-xp 00001000 08:02 4084183                    /usr/lib/x86_64-linux-gnu/libdl.so.2
7bc06302a000-7bc06302b000 r--p 00002000 08:02 4084183                    /usr/lib/x86_64-linux-gnu/libdl.so.2
7bc06302b000-7bc06302c000 r--p 00002000 08:02 4084183                    /usr/lib/x86_64-linux-gnu/libdl.so.2
7bc06302c000-7bc06302d000 rw-p 00003000 08:02 4084183                    /usr/lib/x86_64-linux-gnu/libdl.so.2
7bc06302e000-7bc063032000 r-xp 00000000 08:02 2529259                    /home/servadmin/.sdkman/candidates/java/25-zulu/lib/libmanagement.so
7bc063032000-7bc063033000 r--p 00003000 08:02 2529259                    /home/servadmin/.sdkman/candidates/java/25-zulu/lib/libmanagement.so
7bc063033000-7bc063034000 rw-p 00004000 08:02 2529259                    /home/servadmin/.sdkman/candidates/java/25-zulu/lib/libmanagement.so
7bc063034000-7bc06303c000 rw-s 00000000 08:02 2366914                    /tmp/hsperfdata_servadmin/20068
7bc06303c000-7bc06303d000 ---p 00000000 00:00 0 
7bc06303d000-7bc06303e000 r--p 00000000 00:00 0 
7bc06303e000-7bc06303f000 ---p 00000000 00:00 0 
7bc06303f000-7bc06304d000 r-xp 00000000 08:02 2529237                    /home/servadmin/.sdkman/candidates/java/25-zulu/lib/libjli.so
7bc06304d000-7bc06304e000 ---p 0000e000 08:02 2529237                    /home/servadmin/.sdkman/candidates/java/25-zulu/lib/libjli.so
7bc06304e000-7bc06304f000 r--p 0000e000 08:02 2529237                    /home/servadmin/.sdkman/candidates/java/25-zulu/lib/libjli.so
7bc06304f000-7bc063050000 rw-p 0000f000 08:02 2529237                    /home/servadmin/.sdkman/candidates/java/25-zulu/lib/libjli.so
7bc063050000-7bc063052000 rw-p 00000000 00:00 0 
7bc063052000-7bc063056000 r--p 00000000 00:00 0                          [vvar]
7bc063056000-7bc063058000 r--p 00000000 00:00 0                          [vvar_vclock]
7bc063058000-7bc06305a000 r-xp 00000000 00:00 0                          [vdso]
7bc06305a000-7bc06305b000 r--p 00000000 08:02 4084178                    /usr/lib/x86_64-linux-gnu/ld-linux-x86-64.so.2
7bc06305b000-7bc063086000 r-xp 00001000 08:02 4084178                    /usr/lib/x86_64-linux-gnu/ld-linux-x86-64.so.2
7bc063086000-7bc063090000 r--p 0002c000 08:02 4084178                    /usr/lib/x86_64-linux-gnu/ld-linux-x86-64.so.2
7bc063090000-7bc063092000 r--p 00036000 08:02 4084178                    /usr/lib/x86_64-linux-gnu/ld-linux-x86-64.so.2
7bc063092000-7bc063094000 rw-p 00038000 08:02 4084178                    /usr/lib/x86_64-linux-gnu/ld-linux-x86-64.so.2
7ffd5abca000-7ffd5abeb000 rw-p 00000000 00:00 0                          [stack]
ffffffffff600000-ffffffffff601000 --xp 00000000 00:00 0                  [vsyscall]
Total number of mappings: 466

JVMTI agents: none


VM Arguments:
jvm_args: --enable-native-access=ALL-UNNAMED 
java_command: /home/servadmin/NetBeansProjects/javauio2/u8g22/target/surefire/surefirebooter-20260211140528051_3.jar /home/servadmin/NetBeansProjects/javauio2/u8g22/target/surefire 2026-02-11T14-05-27_954-jvmRun1 surefire-20260211140528051_1tmp surefire_0-20260211140528051_2tmp
java_class_path (initial): /home/servadmin/NetBeansProjects/javauio2/u8g22/target/surefire/surefirebooter-20260211140528051_3.jar
Launcher Type: SUN_STANDARD

[Global flags]
     intx CICompilerCount                          = 3                                         {product} {ergonomic}
     uint ConcGCThreads                            = 1                                         {product} {ergonomic}
     uint G1ConcRefinementThreads                  = 4                                         {product} {ergonomic}
   size_t G1HeapRegionSize                         = 2097152                                   {product} {ergonomic}
   size_t InitialHeapSize                          = 140509184                                 {product} {ergonomic}
   size_t MarkStackSize                            = 4194304                                   {product} {ergonomic}
   size_t MarkStackSizeMax                         = 536870912                                 {product} {ergonomic}
   size_t MaxHeapSize                              = 2239758336                                {product} {ergonomic}
   size_t MaxNewSize                               = 1342177280                                {product} {ergonomic}
   size_t MinHeapDeltaBytes                        = 2097152                                   {product} {ergonomic}
   size_t MinHeapSize                              = 8388608                                   {product} {ergonomic}
    uintx NonNMethodCodeHeapSize                   = 5832704                                {pd product} {ergonomic}
    uintx NonProfiledCodeHeapSize                  = 122916864                              {pd product} {ergonomic}
    uintx ProfiledCodeHeapSize                     = 122908672                              {pd product} {ergonomic}
    uintx ReservedCodeCacheSize                    = 251658240                              {pd product} {ergonomic}
     bool SegmentedCodeCache                       = true                                      {product} {ergonomic}
   size_t SoftMaxHeapSize                          = 2239758336                             {manageable} {ergonomic}
     bool UseCompressedOops                        = true                           {product lp64_product} {ergonomic}
     bool UseG1GC                                  = true                                      {product} {ergonomic}

Logging:
Log output configuration:
 #0: stdout all=warning uptime,level,tags foldmultilines=false
 #1: stderr all=off uptime,level,tags foldmultilines=false

Release file:
IMPLEMENTOR="Azul Systems, Inc."
IMPLEMENTOR_VERSION="Zulu25.28+85-CA"
JAVA_RUNTIME_VERSION="25+36-LTS"
JAVA_VERSION="25"
JAVA_VERSION_DATE="2025-09-16"
LIBC="gnu"
MODULES="java.base java.compiler java.datatransfer java.xml java.prefs java.desktop java.instrument java.logging java.management java.security.sasl java.naming java.rmi java.management.rmi java.net.http java.scripting java.security.jgss java.transaction.xa java.sql java.sql.rowset java.xml.crypto java.se java.smartcardio jdk.accessibility jdk.internal.jvmstat jdk.attach jdk.charsets jdk.internal.opt jdk.zipfs jdk.compiler jdk.crypto.cryptoki jdk.crypto.ec jdk.dynalink jdk.internal.ed jdk.editpad jdk.internal.vm.ci jdk.graal.compiler jdk.graal.compiler.management jdk.hotspot.agent jdk.httpserver jdk.incubator.vector jdk.internal.le jdk.internal.md jdk.jartool jdk.javadoc jdk.jcmd jdk.management jdk.management.agent jdk.jconsole jdk.jdeps jdk.jdwp.agent jdk.jdi jdk.jfr jdk.jlink jdk.jpackage jdk.jshell jdk.jsobject jdk.jstatd jdk.localedata jdk.management.jfr jdk.naming.dns jdk.naming.rmi jdk.net jdk.nio.mapmode jdk.sctp jdk.security.auth jdk.security.jgss jdk.unsupported jdk.unsupported.desktop jdk.xml.dom"
OS_ARCH="x86_64"
OS_NAME="Linux"
SOURCE=".:git:87b56ea422df"

Environment Variables:
JAVA_HOME=/home/servadmin/.sdkman/candidates/java/25-zulu
PATH=/home/servadmin/.jextract/bin:/home/servadmin/.sdkman/candidates/java/current/bin:/home/servadmin/.sdkman/candidates/maven/current/bin:/home/servadmin/.sdkman/candidates/ant/current/bin:/home/servadmin/.sdkman/candidates/gradle/current/bin:/usr/local/sbin:/usr/local/bin:/usr/sbin:/usr/bin:/sbin:/bin:/snap/bin
USERNAME=servadmin
SHELL=/bin/bash
DISPLAY=:0
LANG=en_US.UTF-8

Active Locale:
LC_ALL=en_US.UTF-8
LC_COLLATE=en_US.UTF-8
LC_CTYPE=en_US.UTF-8
LC_MESSAGES=en_US.UTF-8
LC_MONETARY=en_US.UTF-8
LC_NUMERIC=en_US.UTF-8
LC_TIME=en_US.UTF-8

Signal Handlers:
   SIGSEGV: crash_handler in libjvm.so, mask=11100100010111111101111111111110, flags=SA_RESTART|SA_SIGINFO, unblocked
    SIGBUS: crash_handler in libjvm.so, mask=11100100010111111101111111111110, flags=SA_RESTART|SA_SIGINFO, unblocked
    SIGFPE: crash_handler in libjvm.so, mask=11100100010111111101111111111110, flags=SA_RESTART|SA_SIGINFO, unblocked
   SIGPIPE: javaSignalHandler in libjvm.so, mask=11100100010111111101111111111110, flags=SA_RESTART|SA_SIGINFO, blocked
   SIGXFSZ: javaSignalHandler in libjvm.so, mask=11100100010111111101111111111110, flags=SA_RESTART|SA_SIGINFO, blocked
    SIGILL: crash_handler in libjvm.so, mask=11100100010111111101111111111110, flags=SA_RESTART|SA_SIGINFO, unblocked
   SIGUSR2: SR_handler in libjvm.so, mask=00000000000000000000000000000000, flags=SA_RESTART|SA_SIGINFO, blocked
    SIGHUP: UserHandler in libjvm.so, mask=11100100010111111101111111111110, flags=SA_RESTART|SA_SIGINFO, blocked
    SIGINT: SIG_IGN, mask=00000000000000000000000000000000, flags=none, blocked
   SIGTERM: UserHandler in libjvm.so, mask=11100100010111111101111111111110, flags=SA_RESTART|SA_SIGINFO, blocked
   SIGQUIT: UserHandler in libjvm.so, mask=11100100010111111101111111111110, flags=SA_RESTART|SA_SIGINFO, blocked
   SIGTRAP: crash_handler in libjvm.so, mask=11100100010111111101111111111110, flags=SA_RESTART|SA_SIGINFO, unblocked


Compilation memory statistics disabled.

Periodic native trim disabled

---------------  S Y S T E M  ---------------

OS:
DISTRIB_ID=Ubuntu
DISTRIB_RELEASE=24.04
DISTRIB_CODENAME=noble
DISTRIB_DESCRIPTION="Ubuntu 24.04.3 LTS"
uname: Linux 6.17.0-14-generic #14~24.04.1-Ubuntu SMP PREEMPT_DYNAMIC Thu Jan 15 15:52:10 UTC 2 x86_64
OS uptime: 0 days 5:02 hours
libc: glibc 2.39 NPTL 2.39 
rlimit (soft/hard): STACK 8192k/infinity , CORE 0k/infinity , NPROC 33827/33827 , NOFILE 1048576/1048576 , AS infinity/infinity , CPU infinity/infinity , DATA infinity/infinity , FSIZE infinity/infinity , MEMLOCK 1092876k/1092876k
load average: 2.29 2.08 1.52

/proc/meminfo:
MemTotal:        8743028 kB
MemFree:         1412488 kB
MemAvailable:    3409476 kB
Buffers:           54316 kB
Cached:          2350440 kB
SwapCached:        14716 kB
Active:          2907092 kB
Inactive:        3841272 kB
Active(anon):    2417996 kB
Inactive(anon):  2177448 kB
Active(file):     489096 kB
Inactive(file):  1663824 kB
Unevictable:          32 kB
Mlocked:              32 kB
SwapTotal:       4194300 kB
SwapFree:        4110396 kB
Zswap:                 0 kB
Zswapped:              0 kB
Dirty:            153348 kB
Writeback:             0 kB
AnonPages:       4334148 kB
Mapped:           722656 kB
Shmem:            251816 kB
KReclaimable:     130928 kB
Slab:             286560 kB
SReclaimable:     130928 kB
SUnreclaim:       155632 kB
KernelStack:       13664 kB
PageTables:        41524 kB
SecPageTables:         0 kB
NFS_Unstable:          0 kB
Bounce:                0 kB
WritebackTmp:          0 kB
CommitLimit:     8565812 kB
Committed_AS:   13648572 kB
VmallocTotal:   34359738367 kB
VmallocUsed:       34892 kB
VmallocChunk:          0 kB
Percpu:             2928 kB
HardwareCorrupted:     0 kB
AnonHugePages:         0 kB
ShmemHugePages:        0 kB
ShmemPmdMapped:        0 kB
FileHugePages:    129024 kB
FilePmdMapped:         0 kB
CmaTotal:              0 kB
CmaFree:               0 kB
Unaccepted:            0 kB
Balloon:               0 kB
HugePages_Total:       0
HugePages_Free:        0
HugePages_Rsvd:        0
HugePages_Surp:        0
Hugepagesize:       2048 kB
Hugetlb:               0 kB
DirectMap4k:      131008 kB
DirectMap2M:     8892416 kB

/sys/kernel/mm/transparent_hugepage/enabled: always [madvise] never
/sys/kernel/mm/transparent_hugepage/hpage_pmd_size: 2097152
/sys/kernel/mm/transparent_hugepage/shmem_enabled: always within_size advise [never] deny force
/sys/kernel/mm/transparent_hugepage/defrag (defrag/compaction efforts parameter): always defer defer+madvise [madvise] never

Process Memory:
Virtual Size: 5387836K (peak: 5394632K)
Resident Set Size: 120616K (peak: 120616K) (anon: 90796K, file: 29820K, shmem: 0K)
Swapped out: 0K
C-Heap outstanding allocations: 32529K, retained: 6114K
glibc malloc tunables: (default)

/proc/sys/kernel/threads-max (system-wide limit on the number of threads): 67654
/proc/sys/vm/max_map_count (maximum number of memory map areas a process may have): 1048576
/proc/sys/vm/swappiness (control to define how aggressively the kernel swaps out anonymous memory): 60
/proc/sys/kernel/pid_max (system-wide limit on number of process identifiers): 4194304

container information not found.
KVM virtualization detected
Steal ticks since vm start: 0
Steal ticks percentage since vm start:  0.000

CPU: total 4 (initial active 4) (4 cores per cpu, 1 threads per core) family 6 model 165 stepping 3 microcode 0x100, cx8, cmov, fxsr, mmx, 3dnowpref, sse, sse2, sse3, ssse3, sse4.1, sse4.2, popcnt, lzcnt, tsc, tscinvbit, avx, avx2, aes, clmul, bmi1, bmi2, adx, fma, vzeroupper, clflush, clflushopt, hv, rdtscp, f16c
CPU Model and flags from /proc/cpuinfo:
model name	: Intel(R) Core(TM) i5-10400 CPU @ 2.90GHz
flags		: fpu vme de pse tsc msr pae mce cx8 apic sep mtrr pge mca cmov pat pse36 clflush mmx fxsr sse sse2 ht syscall nx rdtscp lm constant_tsc rep_good nopl xtopology nonstop_tsc cpuid tsc_known_freq pni pclmulqdq ssse3 fma cx16 pcid sse4_1 sse4_2 x2apic movbe popcnt aes xsave avx f16c rdrand hypervisor lahf_lm abm 3dnowprefetch fsgsbase bmi1 avx2 bmi2 invpcid rdseed adx clflushopt arat md_clear flush_l1d arch_capabilities

Online cpus: 0-3
Offline cpus: 
BIOS frequency limitation: <Not Available>
Frequency switch latency (ns): <Not Available>
Available cpu frequencies: <Not Available>
Current governor: <Not Available>
Core performance/turbo boost: <Not Available>

Memory: 4k page, physical 8743028k(3409476k free), swap 4194300k(4110396k free)
Page Sizes: 4k

vm_info: OpenJDK 64-Bit Server VM (25+36-LTS) for linux-amd64 JRE (25+36-LTS) (Zulu25.28+85-CA), built on 2025-09-05T13:02:27Z with gcc 11.2.0

END.
